,epoch,value_MicromacroGD
0,0,1.088632583618164
1,1,2.2175066471099854
2,2,2.539731025695801
3,3,2.715057611465454
4,4,2.680764675140381
5,5,2.5990164279937744
6,6,2.4980947971343994
7,7,2.425746202468872
8,8,2.3694639205932617
9,9,2.324401378631592
10,10,2.3065667152404785
11,11,2.307204008102417
12,12,2.319889545440674
13,13,2.339153289794922
14,14,2.3662362098693848
15,15,2.3921566009521484
16,16,2.4242348670959473
17,17,2.455352306365967
18,18,2.485783338546753
19,19,2.51460862159729
20,20,2.548488140106201
21,21,2.5825767517089844
22,22,2.6135218143463135
23,23,2.6476049423217773
24,24,2.679828405380249
25,25,2.7133262157440186
26,26,2.739826202392578
27,27,2.7679941654205322
28,28,2.796403169631958
29,29,2.818413257598877
30,30,2.8363587856292725
31,31,2.8611271381378174
32,32,2.8787269592285156
33,33,2.8962337970733643
34,34,2.909022331237793
35,35,2.9270713329315186
36,36,2.9417920112609863
37,37,2.9530246257781982
38,38,2.9618632793426514
39,39,2.970329999923706
40,40,2.9781060218811035
41,41,2.9839327335357666
42,42,2.9925215244293213
43,43,2.997591018676758
44,44,3.003668785095215
45,45,3.0054402351379395
46,46,3.011199951171875
47,47,3.0173707008361816
48,48,3.0201456546783447
49,49,3.0221023559570312
50,50,3.022505283355713
51,51,3.024019956588745
52,52,3.0235776901245117
53,53,3.025984764099121
54,54,3.024012804031372
55,55,3.0257515907287598
56,56,3.027498722076416
57,57,3.0280258655548096
58,58,3.026521682739258
59,59,3.0263428688049316
60,60,3.028224229812622
61,61,3.0263609886169434
62,62,3.024670124053955
63,63,3.022475242614746
64,64,3.0215933322906494
65,65,3.0226223468780518
66,66,3.0207359790802
67,67,3.0171568393707275
68,68,3.0153398513793945
69,69,3.0136609077453613
70,70,3.014981269836426
71,71,3.0138697624206543
72,72,3.0161874294281006
73,73,3.015869379043579
74,74,3.0146965980529785
75,75,3.0114920139312744
76,76,3.0112802982330322
77,77,3.01281476020813
78,78,3.0116517543792725
79,79,3.0101866722106934
80,80,3.00848126411438
81,81,3.007016897201538
82,82,3.0055694580078125
83,83,3.0049827098846436
84,84,3.0047974586486816
85,85,3.005115270614624
86,86,3.0049049854278564
87,87,3.0044760704040527
88,88,3.0035338401794434
89,89,3.0025992393493652
90,90,3.000173330307007
91,91,2.9999921321868896
92,92,2.998004198074341
93,93,2.997533082962036
94,94,2.998250961303711
95,95,2.99895977973938
96,96,2.999223232269287
97,97,2.9994850158691406
98,98,3.000213146209717
99,99,2.9994919300079346
100,100,3.228461980819702
101,101,3.1596570014953613
102,102,3.316453456878662
103,103,3.3264644145965576
104,104,3.322448253631592
105,105,3.3651304244995117
106,106,3.305633544921875
107,107,3.328308582305908
108,108,3.3420636653900146
109,109,3.2897346019744873
110,110,3.3532233238220215
111,111,3.3382866382598877
112,112,3.3221514225006104
113,113,3.3416881561279297
114,114,3.3398492336273193
115,115,3.3872764110565186
116,116,3.442216396331787
117,117,3.517909288406372
118,118,3.50179123878479
119,119,3.6001992225646973
120,120,3.608757257461548
121,121,3.6449389457702637
122,122,3.7096354961395264
123,123,3.656477689743042
124,124,3.7455015182495117
125,125,3.731113910675049
126,126,3.6667444705963135
127,127,3.74920916557312
128,128,3.7190897464752197
129,129,3.7639756202697754
130,130,3.6665589809417725
131,131,3.698514699935913
132,132,3.6657521724700928
133,133,3.7161710262298584
134,134,3.7484967708587646
135,135,3.694767951965332
136,136,3.7627358436584473
137,137,3.7178826332092285
138,138,3.760768175125122
139,139,3.7620577812194824
140,140,3.7111620903015137
141,141,3.8003523349761963
142,142,3.7536327838897705
143,143,3.6784651279449463
144,144,3.6878435611724854
145,145,3.6568260192871094
146,146,3.6419155597686768
147,147,3.618170976638794
148,148,3.6644163131713867
149,149,3.5232436656951904
150,150,3.7296319007873535
151,151,3.601592540740967
152,152,3.696913242340088
153,153,3.497908592224121
154,154,3.693317174911499
155,155,3.619277238845825
156,156,3.59970760345459
157,157,3.5408811569213867
158,158,3.666116237640381
159,159,3.5134451389312744
160,160,3.6255440711975098
161,161,3.5632779598236084
162,162,3.630347967147827
163,163,3.560394763946533
164,164,3.6460273265838623
165,165,3.55873966217041
166,166,3.66778302192688
167,167,3.524763584136963
168,168,3.704479694366455
169,169,3.569838285446167
170,170,3.6468570232391357
171,171,3.5995068550109863
172,172,3.6458163261413574
173,173,3.542187452316284
174,174,3.6752099990844727
175,175,3.547743558883667
176,176,3.665501832962036
177,177,3.5452170372009277
178,178,3.6489882469177246
179,179,3.554614782333374
180,180,3.6410257816314697
181,181,3.61423659324646
182,182,3.6219186782836914
183,183,3.5788421630859375
184,184,3.6423819065093994
185,185,3.5522072315216064
186,186,3.700199604034424
187,187,3.441708564758301
188,188,3.622650384902954
189,189,3.5214366912841797
190,190,3.6388678550720215
191,191,3.5159242153167725
192,192,3.6537702083587646
193,193,3.525458574295044
194,194,3.6339898109436035
195,195,3.5435495376586914
196,196,3.635430097579956
197,197,3.5337367057800293
198,198,3.661268711090088
199,199,3.4835007190704346
200,200,3.6580686569213867
201,201,3.5236945152282715
202,202,3.6222636699676514
203,203,3.534788131713867
204,204,3.634445905685425
205,205,3.5000803470611572
206,206,3.623737096786499
207,207,3.5354232788085938
208,208,3.632038116455078
209,209,3.53731632232666
210,210,3.6166718006134033
211,211,3.5353052616119385
212,212,3.5923819541931152
213,213,3.5446057319641113
214,214,3.5914928913116455
215,215,3.5598857402801514
216,216,3.544142007827759
217,217,3.6029183864593506
218,218,3.5189011096954346
219,219,3.624645709991455
220,220,3.5157437324523926
221,221,3.623417854309082
222,222,3.512641429901123
223,223,3.593630313873291
224,224,3.5363593101501465
225,225,3.5843284130096436
226,226,3.5558109283447266
227,227,3.5742526054382324
228,228,3.5206170082092285
229,229,3.5642924308776855
230,230,3.5442733764648438
231,231,3.59601092338562
232,232,3.4824342727661133
233,233,3.6178576946258545
234,234,3.5482447147369385
235,235,3.5556445121765137
236,236,3.585418224334717
237,237,3.5209810733795166
238,238,3.611232042312622
239,239,3.4997265338897705
240,240,3.6161890029907227
241,241,3.513995885848999
242,242,3.624138116836548
243,243,3.4606752395629883
244,244,3.5972251892089844
245,245,3.5144803524017334
246,246,3.6064388751983643
247,247,3.5625553131103516
248,248,3.573535442352295
249,249,3.5664827823638916
250,250,3.526576519012451
251,251,3.540344476699829
252,252,3.5489585399627686
253,253,3.581935167312622
254,254,3.548466682434082
255,255,3.599123001098633
256,256,3.531892776489258
257,257,3.5807647705078125
258,258,3.550678014755249
259,259,3.5779659748077393
260,260,3.51774525642395
261,261,3.6103475093841553
262,262,3.4741475582122803
263,263,3.5969741344451904
264,264,3.5326623916625977
265,265,3.588473320007324
266,266,3.543214797973633
267,267,3.585659980773926
268,268,3.494166612625122
269,269,3.592008590698242
270,270,3.510465621948242
271,271,3.616302728652954
272,272,3.490474224090576
273,273,3.597235918045044
274,274,3.529221296310425
275,275,3.5748257637023926
276,276,3.5354628562927246
277,277,3.565953493118286
278,278,3.532796859741211
279,279,3.54366397857666
280,280,3.5548932552337646
281,281,3.5570499897003174
282,282,3.518160343170166
283,283,3.588527202606201
284,284,3.4538495540618896
285,285,3.5842230319976807
286,286,3.5023748874664307
287,287,3.586855411529541
288,288,3.516195297241211
289,289,3.584285020828247
290,290,3.488790988922119
291,291,3.58017635345459
292,292,3.537278413772583
293,293,3.5464670658111572
294,294,3.546705484390259
295,295,3.5253405570983887
296,296,3.55086350440979
297,297,3.534435510635376
298,298,3.5514557361602783
299,299,3.5414466857910156
300,0,1.3852492570877075
301,1,2.34446120262146
302,2,2.541965961456299
303,3,2.6776981353759766
304,4,2.6813549995422363
305,5,2.6267144680023193
306,6,2.5863280296325684
307,7,2.5506608486175537
308,8,2.544694185256958
309,9,2.5393147468566895
310,10,2.5228402614593506
311,11,2.4996304512023926
312,12,2.4776101112365723
313,13,2.459197998046875
314,14,2.445035457611084
315,15,2.4355053901672363
316,16,2.4361307621002197
317,17,2.440037488937378
318,18,2.44797420501709
319,19,2.4673309326171875
320,20,2.492694139480591
321,21,2.5221128463745117
322,22,2.555525064468384
323,23,2.5889720916748047
324,24,2.6260740756988525
325,25,2.6646718978881836
326,26,2.7020866870880127
327,27,2.7392499446868896
328,28,2.774522304534912
329,29,2.8074326515197754
330,30,2.834195852279663
331,31,2.8623085021972656
332,32,2.889366626739502
333,33,2.9072349071502686
334,34,2.9229142665863037
335,35,2.9373538494110107
336,36,2.9517953395843506
337,37,2.9588959217071533
338,38,2.966224431991577
339,39,2.9742369651794434
340,40,2.9811336994171143
341,41,2.991306781768799
342,42,3.0003695487976074
343,43,3.007668972015381
344,44,3.012643814086914
345,45,3.0179073810577393
346,46,3.0234808921813965
347,47,3.026406764984131
348,48,3.027031421661377
349,49,3.0287654399871826
350,50,3.0303432941436768
351,51,3.0319442749023438
352,52,3.0334231853485107
353,53,3.0333831310272217
354,54,3.03536057472229
355,55,3.036299705505371
356,56,3.034442901611328
357,57,3.0291569232940674
358,58,3.026303768157959
359,59,3.021646499633789
360,60,3.0188043117523193
361,61,3.0152244567871094
362,62,3.01393985748291
363,63,3.0126962661743164
364,64,3.0110511779785156
365,65,3.009760856628418
366,66,3.008814811706543
367,67,3.00606369972229
368,68,3.0028164386749268
369,69,3.0003600120544434
370,70,2.9994540214538574
371,71,2.9952807426452637
372,72,2.9927616119384766
373,73,2.990537405014038
374,74,2.988548755645752
375,75,2.988107442855835
376,76,2.988368034362793
377,77,2.987922191619873
378,78,2.987736225128174
379,79,2.988490581512451
380,80,2.987492799758911
381,81,2.9862618446350098
382,82,2.9845471382141113
383,83,2.9810686111450195
384,84,2.9783294200897217
385,85,2.9748947620391846
386,86,2.9726264476776123
387,87,2.970398426055908
388,88,2.969449996948242
389,89,2.9675023555755615
390,90,2.967271566390991
391,91,2.9660003185272217
392,92,2.9655022621154785
393,93,2.964550256729126
394,94,2.9652721881866455
395,95,2.9665281772613525
396,96,2.9665472507476807
397,97,2.96635103225708
398,98,2.9668948650360107
399,99,2.9678947925567627
400,100,3.229398250579834
401,101,3.1891353130340576
402,102,3.346771001815796
403,103,3.4775335788726807
404,104,3.509984254837036
405,105,3.5898139476776123
406,106,3.5580101013183594
407,107,3.6504533290863037
408,108,3.720597505569458
409,109,3.755976438522339
410,110,3.852895975112915
411,111,3.895941734313965
412,112,4.040154933929443
413,113,4.137215614318848
414,114,4.201117992401123
415,115,4.4746856689453125
416,116,4.647756576538086
417,117,4.776139736175537
418,118,4.936761856079102
419,119,4.935021877288818
420,120,5.141246318817139
421,121,5.175344944000244
422,122,5.245632648468018
423,123,5.1674089431762695
424,124,5.102268695831299
425,125,5.20050048828125
426,126,5.141860008239746
427,127,5.2046074867248535
428,128,5.079502582550049
429,129,5.2667622566223145
430,130,5.237314701080322
431,131,5.253002166748047
432,132,5.268269062042236
433,133,5.20435905456543
434,134,5.303468227386475
435,135,5.313567638397217
436,136,5.324041366577148
437,137,5.288991451263428
438,138,5.354461193084717
439,139,5.327859401702881
440,140,5.350975513458252
441,141,5.348451614379883
442,142,5.35249137878418
443,143,5.359053611755371
444,144,5.349102020263672
445,145,5.365751266479492
446,146,5.352053165435791
447,147,5.347720146179199
448,148,5.3611531257629395
449,149,5.340749740600586
450,150,5.348657608032227
451,151,5.346157550811768
452,152,5.354190826416016
453,153,5.3479766845703125
454,154,5.357696056365967
455,155,5.347365379333496
456,156,5.3521199226379395
457,157,5.362441062927246
458,158,5.346195697784424
459,159,5.359105110168457
460,160,5.358870029449463
461,161,5.3642778396606445
462,162,5.343419551849365
463,163,5.3582444190979
464,164,5.3673224449157715
465,165,5.360263347625732
466,166,5.363091468811035
467,167,5.371666431427002
468,168,5.348961353302002
469,169,5.362646579742432
470,170,5.368499279022217
471,171,5.349544525146484
472,172,5.363681316375732
473,173,5.363435745239258
474,174,5.376328945159912
475,175,5.336084365844727
476,176,5.3522114753723145
477,177,5.365271091461182
478,178,5.3673930168151855
479,179,5.367414474487305
480,180,5.370238780975342
481,181,5.367062568664551
482,182,5.372209072113037
483,183,5.360785961151123
484,184,5.367685794830322
485,185,5.366379261016846
486,186,5.3709235191345215
487,187,5.361218452453613
488,188,5.371234893798828
489,189,5.3596367835998535
490,190,5.370998859405518
491,191,5.356711387634277
492,192,5.372359275817871
493,193,5.357465744018555
494,194,5.366268634796143
495,195,5.370956897735596
496,196,5.359576225280762
497,197,5.370879173278809
498,198,5.352375030517578
499,199,5.360567092895508
500,200,5.361340522766113
501,201,5.371917247772217
502,202,5.360869407653809
503,203,5.3722429275512695
504,204,5.343328475952148
505,205,5.350987434387207
506,206,5.359408378601074
507,207,5.3606767654418945
508,208,5.366686820983887
509,209,5.359330177307129
510,210,5.367953300476074
511,211,5.3534440994262695
512,212,5.36655855178833
513,213,5.364502429962158
514,214,5.36704158782959
515,215,5.366353988647461
516,216,5.366240501403809
517,217,5.370748519897461
518,218,5.36750602722168
519,219,5.3676676750183105
520,220,5.366137981414795
521,221,5.374383449554443
522,222,5.333828926086426
523,223,5.340975761413574
524,224,5.345696926116943
525,225,5.345109939575195
526,226,5.353122234344482
527,227,5.348254203796387
528,228,5.359333515167236
529,229,5.336250305175781
530,230,5.34869384765625
531,231,5.357699394226074
532,232,5.347460746765137
533,233,5.362661838531494
534,234,5.35288143157959
535,235,5.363842964172363
536,236,5.348358154296875
537,237,5.361466884613037
538,238,5.356265544891357
539,239,5.371729373931885
540,240,5.3514084815979
541,241,5.361312389373779
542,242,5.3643012046813965
543,243,5.3608598709106445
544,244,5.371492862701416
545,245,5.334254741668701
546,246,5.348536014556885
547,247,5.355119228363037
548,248,5.362342834472656
549,249,5.365942478179932
550,250,5.369608402252197
551,251,5.36483907699585
552,252,5.370418548583984
553,253,5.361241340637207
554,254,5.375786781311035
555,255,5.351187705993652
556,256,5.3577656745910645
557,257,5.352328777313232
558,258,5.362972736358643
559,259,5.368587493896484
560,260,5.355883598327637
561,261,5.36942720413208
562,262,5.368800640106201
563,263,5.363936424255371
564,264,5.379748821258545
565,265,5.347733497619629
566,266,5.358801364898682
567,267,5.3696465492248535
568,268,5.368575096130371
569,269,5.365636348724365
570,270,5.379504680633545
571,271,5.35786247253418
572,272,5.369346618652344
573,273,5.363828182220459
574,274,5.370202541351318
575,275,5.360546112060547
576,276,5.374032974243164
577,277,5.358754634857178
578,278,5.371979713439941
579,279,5.361118793487549
580,280,5.375232696533203
581,281,5.356187343597412
582,282,5.365169525146484
583,283,5.366751194000244
584,284,5.371698379516602
585,285,5.364811420440674
586,286,5.378862380981445
587,287,5.346487522125244
588,288,5.351315975189209
589,289,5.35418176651001
590,290,5.360688209533691
591,291,5.357774257659912
592,292,5.3697943687438965
593,293,5.359414577484131
594,294,5.371707916259766
595,295,5.3711371421813965
596,296,5.375838279724121
597,297,5.363591194152832
598,298,5.373898983001709
599,299,5.37274169921875
600,0,1.1240251064300537
601,1,2.191859006881714
602,2,2.5430736541748047
603,3,2.663768768310547
604,4,2.6567935943603516
605,5,2.5904362201690674
606,6,2.5348050594329834
607,7,2.4976093769073486
608,8,2.4672486782073975
609,9,2.4234631061553955
610,10,2.3791191577911377
611,11,2.351292610168457
612,12,2.33943247795105
613,13,2.343543767929077
614,14,2.3681955337524414
615,15,2.408308506011963
616,16,2.452038526535034
617,17,2.502976417541504
618,18,2.554253578186035
619,19,2.598543643951416
620,20,2.6361584663391113
621,21,2.6751039028167725
622,22,2.7061638832092285
623,23,2.73750376701355
624,24,2.766401529312134
625,25,2.790942668914795
626,26,2.8139476776123047
627,27,2.837470531463623
628,28,2.8543152809143066
629,29,2.8773326873779297
630,30,2.898510456085205
631,31,2.9172565937042236
632,32,2.932429313659668
633,33,2.949122667312622
634,34,2.9622642993927
635,35,2.974459648132324
636,36,2.984978437423706
637,37,2.993698835372925
638,38,2.998478412628174
639,39,3.0081875324249268
640,40,3.0145516395568848
641,41,3.0201308727264404
642,42,3.022651195526123
643,43,3.0236849784851074
644,44,3.0236566066741943
645,45,3.022595167160034
646,46,3.0200326442718506
647,47,3.015622854232788
648,48,3.01047945022583
649,49,3.0043821334838867
650,50,2.9980547428131104
651,51,2.992966413497925
652,52,2.98836088180542
653,53,2.9829177856445312
654,54,2.980057716369629
655,55,2.978456497192383
656,56,2.9792795181274414
657,57,2.981144905090332
658,58,2.9796345233917236
659,59,2.9800946712493896
660,60,2.983976125717163
661,61,2.988072633743286
662,62,2.9900784492492676
663,63,2.9936673641204834
664,64,2.9970526695251465
665,65,3.0020487308502197
666,66,3.005625009536743
667,67,3.0073413848876953
668,68,3.0114011764526367
669,69,3.0137834548950195
670,70,3.0174288749694824
671,71,3.0177395343780518
672,72,3.0209803581237793
673,73,3.0215346813201904
674,74,3.021376132965088
675,75,3.0189096927642822
676,76,3.0178115367889404
677,77,3.015835762023926
678,78,3.012338876724243
679,79,3.009363889694214
680,80,3.0065670013427734
681,81,3.0047590732574463
682,82,3.0047144889831543
683,83,3.0026333332061768
684,84,2.9988675117492676
685,85,2.9960696697235107
686,86,2.9932949542999268
687,87,2.9912607669830322
688,88,2.9899303913116455
689,89,2.9883840084075928
690,90,2.9871108531951904
691,91,2.9855761528015137
692,92,2.985102415084839
693,93,2.9871397018432617
694,94,2.98769474029541
695,95,2.9889132976531982
696,96,2.989622116088867
697,97,2.9898598194122314
698,98,2.990330934524536
699,99,2.9915597438812256
700,100,3.283749580383301
701,101,3.341747999191284
702,102,3.41215181350708
703,103,3.5556538105010986
704,104,3.6400554180145264
705,105,3.6664464473724365
706,106,3.7858810424804688
707,107,3.8015265464782715
708,108,3.8354897499084473
709,109,3.8744404315948486
710,110,3.8687052726745605
711,111,3.936295986175537
712,112,3.9182300567626953
713,113,3.9757728576660156
714,114,3.9259307384490967
715,115,3.986743211746216
716,116,4.005590438842773
717,117,3.9898006916046143
718,118,4.070841312408447
719,119,3.9240453243255615
720,120,4.0711989402771
721,121,4.103055953979492
722,122,4.129032135009766
723,123,4.129798889160156
724,124,4.158909797668457
725,125,4.13819694519043
726,126,4.18757438659668
727,127,4.0805134773254395
728,128,4.280427932739258
729,129,4.158195495605469
730,130,4.245703220367432
731,131,4.2520833015441895
732,132,4.256965637207031
733,133,4.235063076019287
734,134,4.315176486968994
735,135,4.219539165496826
736,136,4.332542419433594
737,137,4.215111255645752
738,138,4.315296173095703
739,139,4.306993007659912
740,140,4.225740432739258
741,141,4.309865951538086
742,142,4.228208065032959
743,143,4.284308910369873
744,144,4.271505355834961
745,145,4.27628755569458
746,146,4.255032062530518
747,147,4.309574127197266
748,148,4.221629619598389
749,149,4.364348411560059
750,150,4.298137187957764
751,151,4.302853584289551
752,152,4.268007755279541
753,153,4.31907320022583
754,154,4.269338130950928
755,155,4.330400466918945
756,156,4.264369487762451
757,157,4.338631629943848
758,158,4.296393871307373
759,159,4.333730697631836
760,160,4.258699893951416
761,161,4.344318866729736
762,162,4.277118682861328
763,163,4.332849502563477
764,164,4.272925853729248
765,165,4.343924522399902
766,166,4.249878883361816
767,167,4.3399200439453125
768,168,4.274145603179932
769,169,4.300031661987305
770,170,4.272058486938477
771,171,4.301323890686035
772,172,4.261359214782715
773,173,4.305730819702148
774,174,4.273863315582275
775,175,4.306707859039307
776,176,4.269005298614502
777,177,4.305901050567627
778,178,4.262637138366699
779,179,4.319414138793945
780,180,4.277227401733398
781,181,4.289328098297119
782,182,4.28729772567749
783,183,4.281130790710449
784,184,4.268247604370117
785,185,4.290894985198975
786,186,4.282667636871338
787,187,4.27555513381958
788,188,4.289044380187988
789,189,4.297324180603027
790,190,4.256895065307617
791,191,4.28884220123291
792,192,4.253209590911865
793,193,4.305167198181152
794,194,4.268157005310059
795,195,4.306157112121582
796,196,4.27495002746582
797,197,4.278794288635254
798,198,4.271803379058838
799,199,4.294312477111816
800,200,4.257292747497559
801,201,4.32221794128418
802,202,4.258381366729736
803,203,4.312466144561768
804,204,4.265682697296143
805,205,4.293727874755859
806,206,4.271331310272217
807,207,4.2940993309021
808,208,4.260867595672607
809,209,4.292119979858398
810,210,4.275367259979248
811,211,4.288090705871582
812,212,4.27285623550415
813,213,4.290240287780762
814,214,4.280114650726318
815,215,4.273927211761475
816,216,4.2906575202941895
817,217,4.27882719039917
818,218,4.278220176696777
819,219,4.286012172698975
820,220,4.273247718811035
821,221,4.282616138458252
822,222,4.278074264526367
823,223,4.2858734130859375
824,224,4.270752906799316
825,225,4.295533657073975
826,226,4.266007423400879
827,227,4.3075480461120605
828,228,4.224745750427246
829,229,4.332773208618164
830,230,4.294990539550781
831,231,4.2970404624938965
832,232,4.282204627990723
833,233,4.289306640625
834,234,4.276425838470459
835,235,4.2837910652160645
836,236,4.275521755218506
837,237,4.2862958908081055
838,238,4.2771501541137695
839,239,4.283318519592285
840,240,4.280615329742432
841,241,4.256052017211914
842,242,4.256012439727783
843,243,4.255841255187988
844,244,4.262288570404053
845,245,4.285345554351807
846,246,4.276425838470459
847,247,4.285971164703369
848,248,4.274973392486572
849,249,4.288602352142334
850,250,4.271355152130127
851,251,4.300685882568359
852,252,4.256974220275879
853,253,4.307539939880371
854,254,4.267675876617432
855,255,4.303778648376465
856,256,4.272826671600342
857,257,4.2961835861206055
858,258,4.272304534912109
859,259,4.29680061340332
860,260,4.266366004943848
861,261,4.303464889526367
862,262,4.240530014038086
863,263,4.323752403259277
864,264,4.274142265319824
865,265,4.2978410720825195
866,266,4.269774913787842
867,267,4.295207977294922
868,268,4.2775373458862305
869,269,4.29355001449585
870,270,4.2793731689453125
871,271,4.284811019897461
872,272,4.278493404388428
873,273,4.289474010467529
874,274,4.281801223754883
875,275,4.285647392272949
876,276,4.2805891036987305
877,277,4.287593364715576
878,278,4.275434494018555
879,279,4.29376745223999
880,280,4.268064498901367
881,281,4.311701774597168
882,282,4.22517728805542
883,283,4.302460670471191
884,284,4.258779525756836
885,285,4.276169300079346
886,286,4.256862163543701
887,287,4.2809343338012695
888,288,4.258912563323975
889,289,4.288923263549805
890,290,4.249333381652832
891,291,4.298759460449219
892,292,4.266507625579834
893,293,4.28166389465332
894,294,4.2749247550964355
895,295,4.266307830810547
896,296,4.273165225982666
897,297,4.276039123535156
898,298,4.275052070617676
899,299,4.278909683227539
900,0,1.1612046957015991
901,1,2.1877362728118896
902,2,2.5149455070495605
903,3,2.6607718467712402
904,4,2.6670780181884766
905,5,2.626371145248413
906,6,2.5648651123046875
907,7,2.50779128074646
908,8,2.454347610473633
909,9,2.392183303833008
910,10,2.35331392288208
911,11,2.3196592330932617
912,12,2.3146159648895264
913,13,2.3239471912384033
914,14,2.346097707748413
915,15,2.37800931930542
916,16,2.416563034057617
917,17,2.459690570831299
918,18,2.5000455379486084
919,19,2.5459277629852295
920,20,2.585879325866699
921,21,2.620497703552246
922,22,2.6519968509674072
923,23,2.6796629428863525
924,24,2.704461097717285
925,25,2.7322657108306885
926,26,2.749486207962036
927,27,2.7735166549682617
928,28,2.7963860034942627
929,29,2.811089038848877
930,30,2.819627046585083
931,31,2.8319201469421387
932,32,2.838017225265503
933,33,2.8422863483428955
934,34,2.8450419902801514
935,35,2.8516533374786377
936,36,2.8537654876708984
937,37,2.85880970954895
938,38,2.8615591526031494
939,39,2.8659801483154297
940,40,2.870586633682251
941,41,2.877755641937256
942,42,2.8819310665130615
943,43,2.8882951736450195
944,44,2.891227960586548
945,45,2.899864673614502
946,46,2.9026594161987305
947,47,2.910395860671997
948,48,2.916668176651001
949,49,2.926771640777588
950,50,2.9309065341949463
951,51,2.9369537830352783
952,52,2.942821502685547
953,53,2.944809675216675
954,54,2.9478249549865723
955,55,2.9543190002441406
956,56,2.958371877670288
957,57,2.962855100631714
958,58,2.9644854068756104
959,59,2.965679883956909
960,60,2.96427059173584
961,61,2.967348337173462
962,62,2.9695944786071777
963,63,2.968449115753174
964,64,2.9705891609191895
965,65,2.9681148529052734
966,66,2.969132423400879
967,67,2.967489004135132
968,68,2.9627881050109863
969,69,2.9608802795410156
970,70,2.960953712463379
971,71,2.961085557937622
972,72,2.9633567333221436
973,73,2.9656620025634766
974,74,2.966597557067871
975,75,2.9697585105895996
976,76,2.9737374782562256
977,77,2.9744811058044434
978,78,2.9756903648376465
979,79,2.9753148555755615
980,80,2.974968194961548
981,81,2.9752554893493652
982,82,2.976789712905884
983,83,2.9754843711853027
984,84,2.975445508956909
985,85,2.975008726119995
986,86,2.9752273559570312
987,87,2.9733855724334717
988,88,2.974952220916748
989,89,2.975203514099121
990,90,2.9751453399658203
991,91,2.9763588905334473
992,92,2.9812889099121094
993,93,2.983177661895752
994,94,2.984020948410034
995,95,2.9857606887817383
996,96,2.9873015880584717
997,97,2.9875380992889404
998,98,2.9874377250671387
999,99,2.9857611656188965
1000,100,3.1637001037597656
1001,101,3.2770280838012695
1002,102,3.09016752243042
1003,103,3.0982143878936768
1004,104,3.1829826831817627
1005,105,3.38309907913208
1006,106,3.403336524963379
1007,107,3.5121514797210693
1008,108,3.604556083679199
1009,109,3.6038475036621094
1010,110,3.4843249320983887
1011,111,3.668539047241211
1012,112,3.7221381664276123
1013,113,3.8181421756744385
1014,114,3.8358588218688965
1015,115,3.903870105743408
1016,116,3.974599838256836
1017,117,4.072815418243408
1018,118,3.9134304523468018
1019,119,4.099106788635254
1020,120,4.214138984680176
1021,121,4.313823699951172
1022,122,4.3411664962768555
1023,123,4.268116474151611
1024,124,4.4076762199401855
1025,125,4.418076515197754
1026,126,4.489837646484375
1027,127,4.37224006652832
1028,128,4.6248297691345215
1029,129,4.703538417816162
1030,130,4.709665775299072
1031,131,4.748541355133057
1032,132,4.622931957244873
1033,133,4.823911666870117
1034,134,4.6580891609191895
1035,135,4.695331573486328
1036,136,4.665245056152344
1037,137,4.735072612762451
1038,138,4.659182071685791
1039,139,4.803837776184082
1040,140,4.645370006561279
1041,141,4.730630874633789
1042,142,4.721855163574219
1043,143,4.793171405792236
1044,144,4.654745101928711
1045,145,4.675511837005615
1046,146,4.650461673736572
1047,147,4.711698532104492
1048,148,4.642467021942139
1049,149,4.766750812530518
1050,150,4.70271635055542
1051,151,4.666988372802734
1052,152,4.754443645477295
1053,153,4.6755170822143555
1054,154,4.753308296203613
1055,155,4.671898365020752
1056,156,4.710718631744385
1057,157,4.7031121253967285
1058,158,4.690321922302246
1059,159,4.723939895629883
1060,160,4.639199256896973
1061,161,4.814305305480957
1062,162,4.750421047210693
1063,163,4.718832492828369
1064,164,4.765246868133545
1065,165,4.682371139526367
1066,166,4.74240255355835
1067,167,4.707296371459961
1068,168,4.717836856842041
1069,169,4.724103927612305
1070,170,4.69677734375
1071,171,4.7354936599731445
1072,172,4.674021244049072
1073,173,4.753876686096191
1074,174,4.66495418548584
1075,175,4.746668338775635
1076,176,4.728545665740967
1077,177,4.717885971069336
1078,178,4.726998329162598
1079,179,4.692111015319824
1080,180,4.740167140960693
1081,181,4.7012410163879395
1082,182,4.758498191833496
1083,183,4.684793949127197
1084,184,4.7732834815979
1085,185,4.701183319091797
1086,186,4.7290754318237305
1087,187,4.691605091094971
1088,188,4.7423481941223145
1089,189,4.715931415557861
1090,190,4.710641384124756
1091,191,4.688106060028076
1092,192,4.790812015533447
1093,193,4.6442646980285645
1094,194,4.772594451904297
1095,195,4.72014045715332
1096,196,4.742577075958252
1097,197,4.716324329376221
1098,198,4.720065593719482
1099,199,4.728274822235107
1100,200,4.713073253631592
1101,201,4.742852210998535
1102,202,4.708629608154297
1103,203,4.768176555633545
1104,204,4.690654277801514
1105,205,4.746833324432373
1106,206,4.717484474182129
1107,207,4.737737655639648
1108,208,4.720040321350098
1109,209,4.755084991455078
1110,210,4.722169399261475
1111,211,4.74080228805542
1112,212,4.697080612182617
1113,213,4.753954887390137
1114,214,4.71840238571167
1115,215,4.740545272827148
1116,216,4.738876819610596
1117,217,4.752100944519043
1118,218,4.722196578979492
1119,219,4.785506725311279
1120,220,4.6729888916015625
1121,221,4.813064098358154
1122,222,4.761593818664551
1123,223,4.739695072174072
1124,224,4.758145809173584
1125,225,4.723435878753662
1126,226,4.789644718170166
1127,227,4.7382493019104
1128,228,4.734586715698242
1129,229,4.744650840759277
1130,230,4.745655536651611
1131,231,4.732717037200928
1132,232,4.748956680297852
1133,233,4.716397762298584
1134,234,4.792509078979492
1135,235,4.722552299499512
1136,236,4.769933700561523
1137,237,4.699106693267822
1138,238,4.804419994354248
1139,239,4.7282257080078125
1140,240,4.765387535095215
1141,241,4.689872741699219
1142,242,4.7780303955078125
1143,243,4.735211372375488
1144,244,4.749382495880127
1145,245,4.72873592376709
1146,246,4.755213260650635
1147,247,4.703404426574707
1148,248,4.7683539390563965
1149,249,4.722089767456055
1150,250,4.775949954986572
1151,251,4.724157810211182
1152,252,4.76323127746582
1153,253,4.70914363861084
1154,254,4.761293411254883
1155,255,4.738650798797607
1156,256,4.744976043701172
1157,257,4.741086006164551
1158,258,4.7283124923706055
1159,259,4.736567974090576
1160,260,4.737385272979736
1161,261,4.733656883239746
1162,262,4.737590789794922
1163,263,4.727348804473877
1164,264,4.7459797859191895
1165,265,4.731645107269287
1166,266,4.745813846588135
1167,267,4.74098014831543
1168,268,4.749743461608887
1169,269,4.740114688873291
1170,270,4.737680912017822
1171,271,4.72698974609375
1172,272,4.757462978363037
1173,273,4.732913017272949
1174,274,4.760383129119873
1175,275,4.725071907043457
1176,276,4.770484447479248
1177,277,4.705352306365967
1178,278,4.774347305297852
1179,279,4.736667156219482
1180,280,4.756484031677246
1181,281,4.737778186798096
1182,282,4.7554168701171875
1183,283,4.728399753570557
1184,284,4.758020401000977
1185,285,4.735644340515137
1186,286,4.736403465270996
1187,287,4.717896461486816
1188,288,4.747828960418701
1189,289,4.725028991699219
1190,290,4.759486675262451
1191,291,4.724632740020752
1192,292,4.76507568359375
1193,293,4.718493461608887
1194,294,4.7559027671813965
1195,295,4.733492851257324
1196,296,4.746086120605469
1197,297,4.72728967666626
1198,298,4.760298728942871
1199,299,4.710223197937012
1200,0,1.2299398183822632
1201,1,2.2479681968688965
1202,2,2.556128740310669
1203,3,2.628206968307495
1204,4,2.603942394256592
1205,5,2.5653631687164307
1206,6,2.542715549468994
1207,7,2.5242905616760254
1208,8,2.5427722930908203
1209,9,2.5721328258514404
1210,10,2.5802760124206543
1211,11,2.5822086334228516
1212,12,2.5727639198303223
1213,13,2.559516429901123
1214,14,2.548943281173706
1215,15,2.5397396087646484
1216,16,2.5273854732513428
1217,17,2.5166854858398438
1218,18,2.5161819458007812
1219,19,2.525395631790161
1220,20,2.529860734939575
1221,21,2.539151191711426
1222,22,2.5534141063690186
1223,23,2.5693318843841553
1224,24,2.5885205268859863
1225,25,2.608820676803589
1226,26,2.628439426422119
1227,27,2.6533265113830566
1228,28,2.6772866249084473
1229,29,2.7018473148345947
1230,30,2.730701208114624
1231,31,2.7572734355926514
1232,32,2.7832186222076416
1233,33,2.8100597858428955
1234,34,2.836860179901123
1235,35,2.8621439933776855
1236,36,2.8843812942504883
1237,37,2.903270721435547
1238,38,2.9181325435638428
1239,39,2.932696580886841
1240,40,2.9486584663391113
1241,41,2.9633123874664307
1242,42,2.974682331085205
1243,43,2.9839377403259277
1244,44,2.992328405380249
1245,45,3.001617431640625
1246,46,3.007244825363159
1247,47,3.010646104812622
1248,48,3.0162057876586914
1249,49,3.0195937156677246
1250,50,3.0236384868621826
1251,51,3.0271382331848145
1252,52,3.0296084880828857
1253,53,3.028716564178467
1254,54,3.02687406539917
1255,55,3.0286219120025635
1256,56,3.026334762573242
1257,57,3.0263671875
1258,58,3.0236992835998535
1259,59,3.0223703384399414
1260,60,3.020918607711792
1261,61,3.0167150497436523
1262,62,3.0134267807006836
1263,63,3.006716251373291
1264,64,3.0023422241210938
1265,65,2.9963901042938232
1266,66,2.9939868450164795
1267,67,2.9936914443969727
1268,68,2.9931507110595703
1269,69,2.9936330318450928
1270,70,2.993741750717163
1271,71,2.995988368988037
1272,72,2.996743679046631
1273,73,2.9964640140533447
1274,74,2.995349407196045
1275,75,2.996286392211914
1276,76,2.9957125186920166
1277,77,2.995699882507324
1278,78,2.9950873851776123
1279,79,2.994703769683838
1280,80,2.99578595161438
1281,81,2.997018575668335
1282,82,2.9976296424865723
1283,83,2.996983051300049
1284,84,2.9973278045654297
1285,85,2.9977352619171143
1286,86,2.997926712036133
1287,87,2.99932599067688
1288,88,2.999216318130493
1289,89,2.998157262802124
1290,90,2.999999761581421
1291,91,3.001394510269165
1292,92,3.0020644664764404
1293,93,3.003011465072632
1294,94,3.0039291381835938
1295,95,3.0073633193969727
1296,96,3.0095202922821045
1297,97,3.011404514312744
1298,98,3.014263391494751
1299,99,3.015151023864746
1300,100,3.298314094543457
1301,101,3.1734867095947266
1302,102,3.312575340270996
1303,103,3.256464719772339
1304,104,3.3591959476470947
1305,105,3.3393959999084473
1306,106,3.384221315383911
1307,107,3.341611623764038
1308,108,3.375725269317627
1309,109,3.3339202404022217
1310,110,3.3630897998809814
1311,111,3.4149169921875
1312,112,3.420297145843506
1313,113,3.534125328063965
1314,114,3.571315050125122
1315,115,3.6678998470306396
1316,116,3.739077568054199
1317,117,3.8517580032348633
1318,118,3.8952300548553467
1319,119,3.8511803150177
1320,120,3.9025697708129883
1321,121,3.9725890159606934
1322,122,3.9218175411224365
1323,123,4.029190540313721
1324,124,4.004940032958984
1325,125,4.068277359008789
1326,126,4.076729774475098
1327,127,4.149900913238525
1328,128,4.1023969650268555
1329,129,4.049572944641113
1330,130,4.1422438621521
1331,131,4.147636413574219
1332,132,4.203118324279785
1333,133,4.135828971862793
1334,134,4.23248815536499
1335,135,4.164545059204102
1336,136,4.248172760009766
1337,137,4.1147847175598145
1338,138,4.214800834655762
1339,139,4.172479152679443
1340,140,4.194655418395996
1341,141,4.180675029754639
1342,142,4.193021774291992
1343,143,4.197266101837158
1344,144,4.172670841217041
1345,145,4.166924953460693
1346,146,4.173116207122803
1347,147,4.196521759033203
1348,148,4.157190322875977
1349,149,4.237167835235596
1350,150,4.176117897033691
1351,151,4.2366108894348145
1352,152,4.167261600494385
1353,153,4.253266334533691
1354,154,4.130468845367432
1355,155,4.289694309234619
1356,156,4.306432723999023
1357,157,4.237478256225586
1358,158,4.265066146850586
1359,159,4.249108791351318
1360,160,4.261350631713867
1361,161,4.233442306518555
1362,162,4.30704927444458
1363,163,4.216444492340088
1364,164,4.2620673179626465
1365,165,4.248734474182129
1366,166,4.269064426422119
1367,167,4.237696170806885
1368,168,4.27133846282959
1369,169,4.211753845214844
1370,170,4.273926258087158
1371,171,4.210400104522705
1372,172,4.26317024230957
1373,173,4.251177787780762
1374,174,4.257110118865967
1375,175,4.239316463470459
1376,176,4.268287181854248
1377,177,4.214001655578613
1378,178,4.354547500610352
1379,179,4.2849578857421875
1380,180,4.291355133056641
1381,181,4.263413906097412
1382,182,4.327171802520752
1383,183,4.250372409820557
1384,184,4.325088977813721
1385,185,4.2959794998168945
1386,186,4.324782848358154
1387,187,4.283102989196777
1388,188,4.360350131988525
1389,189,4.246896743774414
1390,190,4.334603786468506
1391,191,4.308526992797852
1392,192,4.307797431945801
1393,193,4.295493125915527
1394,194,4.3176422119140625
1395,195,4.2983927726745605
1396,196,4.302933692932129
1397,197,4.282097339630127
1398,198,4.340178966522217
1399,199,4.280284404754639
1400,200,4.333179473876953
1401,201,4.262658596038818
1402,202,4.335168838500977
1403,203,4.284481048583984
1404,204,4.313650131225586
1405,205,4.2706522941589355
1406,206,4.332216262817383
1407,207,4.278050899505615
1408,208,4.3171281814575195
1409,209,4.284994125366211
1410,210,4.324739456176758
1411,211,4.271158695220947
1412,212,4.310253620147705
1413,213,4.292538166046143
1414,214,4.301209449768066
1415,215,4.286081314086914
1416,216,4.306759357452393
1417,217,4.274470329284668
1418,218,4.322044372558594
1419,219,4.289154529571533
1420,220,4.3109917640686035
1421,221,4.275754451751709
1422,222,4.321110248565674
1423,223,4.289638996124268
1424,224,4.308892250061035
1425,225,4.258547782897949
1426,226,4.31290340423584
1427,227,4.2893195152282715
1428,228,4.304198741912842
1429,229,4.293539047241211
1430,230,4.302682876586914
1431,231,4.283771991729736
1432,232,4.3185505867004395
1433,233,4.279008388519287
1434,234,4.323655605316162
1435,235,4.291428565979004
1436,236,4.308867454528809
1437,237,4.27959680557251
1438,238,4.3254876136779785
1439,239,4.27897310256958
1440,240,4.316545009613037
1441,241,4.279426097869873
1442,242,4.325089931488037
1443,243,4.279548645019531
1444,244,4.310276508331299
1445,245,4.293379783630371
1446,246,4.311032772064209
1447,247,4.29245138168335
1448,248,4.295198917388916
1449,249,4.298095226287842
1450,250,4.302115440368652
1451,251,4.292741775512695
1452,252,4.315952301025391
1453,253,4.288094520568848
1454,254,4.317134857177734
1455,255,4.287413120269775
1456,256,4.3141326904296875
1457,257,4.259243488311768
1458,258,4.318783283233643
1459,259,4.294919967651367
1460,260,4.2943196296691895
1461,261,4.3040266036987305
1462,262,4.299144268035889
1463,263,4.300929546356201
1464,264,4.309994697570801
1465,265,4.299126625061035
1466,266,4.287465572357178
1467,267,4.275856018066406
1468,268,4.310397624969482
1469,269,4.295977592468262
1470,270,4.31893253326416
1471,271,4.295408248901367
1472,272,4.314181327819824
1473,273,4.289441108703613
1474,274,4.327613353729248
1475,275,4.277384281158447
1476,276,4.320613384246826
1477,277,4.286540508270264
1478,278,4.319136619567871
1479,279,4.274341583251953
1480,280,4.324062347412109
1481,281,4.2905964851379395
1482,282,4.308438777923584
1483,283,4.287198543548584
1484,284,4.320271968841553
1485,285,4.268160820007324
1486,286,4.330860137939453
1487,287,4.280235767364502
1488,288,4.320861339569092
1489,289,4.296030044555664
1490,290,4.321238040924072
1491,291,4.2818498611450195
1492,292,4.326601505279541
1493,293,4.278772354125977
1494,294,4.314878463745117
1495,295,4.278092861175537
1496,296,4.32395601272583
1497,297,4.298558235168457
1498,298,4.313268661499023
1499,299,4.2976179122924805
1500,0,1.0902411937713623
1501,1,2.2042253017425537
1502,2,2.5906498432159424
1503,3,2.701388120651245
1504,4,2.700727939605713
1505,5,2.6497504711151123
1506,6,2.5880701541900635
1507,7,2.5358405113220215
1508,8,2.509093999862671
1509,9,2.5025315284729004
1510,10,2.5005035400390625
1511,11,2.5017850399017334
1512,12,2.5034966468811035
1513,13,2.4978036880493164
1514,14,2.4928247928619385
1515,15,2.4857287406921387
1516,16,2.492342472076416
1517,17,2.4936487674713135
1518,18,2.497680902481079
1519,19,2.501016616821289
1520,20,2.513392925262451
1521,21,2.5268027782440186
1522,22,2.547234296798706
1523,23,2.5652244091033936
1524,24,2.592377185821533
1525,25,2.6177175045013428
1526,26,2.6458256244659424
1527,27,2.6708576679229736
1528,28,2.690432071685791
1529,29,2.7121260166168213
1530,30,2.733964681625366
1531,31,2.750138521194458
1532,32,2.7686314582824707
1533,33,2.78729510307312
1534,34,2.799673318862915
1535,35,2.8140103816986084
1536,36,2.8303494453430176
1537,37,2.8434691429138184
1538,38,2.8545148372650146
1539,39,2.86305570602417
1540,40,2.8731021881103516
1541,41,2.882380485534668
1542,42,2.891611337661743
1543,43,2.9006128311157227
1544,44,2.9101240634918213
1545,45,2.91841721534729
1546,46,2.922919511795044
1547,47,2.9279985427856445
1548,48,2.9320318698883057
1549,49,2.934143304824829
1550,50,2.935957193374634
1551,51,2.939791679382324
1552,52,2.9416980743408203
1553,53,2.9446401596069336
1554,54,2.948712110519409
1555,55,2.9516732692718506
1556,56,2.953058958053589
1557,57,2.955860137939453
1558,58,2.9596047401428223
1559,59,2.961726188659668
1560,60,2.963852643966675
1561,61,2.965571403503418
1562,62,2.9671902656555176
1563,63,2.970147132873535
1564,64,2.9711220264434814
1565,65,2.9722137451171875
1566,66,2.972705364227295
1567,67,2.9728355407714844
1568,68,2.972219944000244
1569,69,2.9727346897125244
1570,70,2.972841262817383
1571,71,2.9751803874969482
1572,72,2.9761102199554443
1573,73,2.976966619491577
1574,74,2.9748189449310303
1575,75,2.9746413230895996
1576,76,2.97519588470459
1577,77,2.97401762008667
1578,78,2.9768316745758057
1579,79,2.98034405708313
1580,80,2.982884407043457
1581,81,2.9893977642059326
1582,82,2.990795850753784
1583,83,2.994445323944092
1584,84,2.9968862533569336
1585,85,2.9986181259155273
1586,86,2.999486207962036
1587,87,3.0010592937469482
1588,88,3.004565954208374
1589,89,3.003682851791382
1590,90,3.0043487548828125
1591,91,3.004596710205078
1592,92,3.0041072368621826
1593,93,3.0036873817443848
1594,94,3.006035804748535
1595,95,3.0077826976776123
1596,96,3.00826096534729
1597,97,3.0079941749572754
1598,98,3.006061553955078
1599,99,3.0055530071258545
1600,100,3.241819381713867
1601,101,3.1655943393707275
1602,102,3.1947240829467773
1603,103,3.2287240028381348
1604,104,3.270720958709717
1605,105,3.2867431640625
1606,106,3.3745388984680176
1607,107,3.4163818359375
1608,108,3.4365174770355225
1609,109,3.3935959339141846
1610,110,3.4266271591186523
1611,111,3.4220781326293945
1612,112,3.535571813583374
1613,113,3.4497358798980713
1614,114,3.5268335342407227
1615,115,3.5313968658447266
1616,116,3.5276217460632324
1617,117,3.6750757694244385
1618,118,3.6211845874786377
1619,119,3.7077603340148926
1620,120,3.6191365718841553
1621,121,3.7004826068878174
1622,122,3.5952389240264893
1623,123,3.60366153717041
1624,124,3.632293939590454
1625,125,3.585210084915161
1626,126,3.6334068775177
1627,127,3.600442886352539
1628,128,3.635063886642456
1629,129,3.5989882946014404
1630,130,3.6487436294555664
1631,131,3.598238229751587
1632,132,3.6253671646118164
1633,133,3.582073450088501
1634,134,3.6727120876312256
1635,135,3.5866663455963135
1636,136,3.6515491008758545
1637,137,3.5895729064941406
1638,138,3.6632769107818604
1639,139,3.6035280227661133
1640,140,3.6102967262268066
1641,141,3.603320598602295
1642,142,3.5992417335510254
1643,143,3.6134185791015625
1644,144,3.58577299118042
1645,145,3.6646244525909424
1646,146,3.5847795009613037
1647,147,3.6490132808685303
1648,148,3.5921592712402344
1649,149,3.655665636062622
1650,150,3.6022093296051025
1651,151,3.623337507247925
1652,152,3.597036123275757
1653,153,3.629948377609253
1654,154,3.5869600772857666
1655,155,3.6521008014678955
1656,156,3.5877771377563477
1657,157,3.655219554901123
1658,158,3.598912000656128
1659,159,3.628352165222168
1660,160,3.5789616107940674
1661,161,3.6493523120880127
1662,162,3.6101760864257812
1663,163,3.6224300861358643
1664,164,3.5957345962524414
1665,165,3.6411948204040527
1666,166,3.5806539058685303
1667,167,3.660041332244873
1668,168,3.613391399383545
1669,169,3.655197858810425
1670,170,3.6046736240386963
1671,171,3.6126413345336914
1672,172,3.5971710681915283
1673,173,3.621257781982422
1674,174,3.5732734203338623
1675,175,3.6899361610412598
1676,176,3.6283631324768066
1677,177,3.6439661979675293
1678,178,3.6248509883880615
1679,179,3.6291186809539795
1680,180,3.6198742389678955
1681,181,3.6245908737182617
1682,182,3.6185972690582275
1683,183,3.6181912422180176
1684,184,3.6222429275512695
1685,185,3.6109561920166016
1686,186,3.623063087463379
1687,187,3.5969460010528564
1688,188,3.636892557144165
1689,189,3.590528726577759
1690,190,3.6491217613220215
1691,191,3.595916271209717
1692,192,3.6300206184387207
1693,193,3.5958433151245117
1694,194,3.646390199661255
1695,195,3.5983123779296875
1696,196,3.625443935394287
1697,197,3.6018218994140625
1698,198,3.622730016708374
1699,199,3.597726821899414
1700,200,3.622023344039917
1701,201,3.5825631618499756
1702,202,3.6661453247070312
1703,203,3.61458158493042
1704,204,3.624774217605591
1705,205,3.6040241718292236
1706,206,3.614846706390381
1707,207,3.594784736633301
1708,208,3.6286685466766357
1709,209,3.573490619659424
1710,210,3.665398359298706
1711,211,3.620227336883545
1712,212,3.6224358081817627
1713,213,3.6087117195129395
1714,214,3.6175570487976074
1715,215,3.59883713722229
1716,216,3.620594024658203
1717,217,3.597313165664673
1718,218,3.6238181591033936
1719,219,3.5864405632019043
1720,220,3.6485238075256348
1721,221,3.5990984439849854
1722,222,3.6213467121124268
1723,223,3.595510959625244
1724,224,3.6259820461273193
1725,225,3.5854592323303223
1726,226,3.6377053260803223
1727,227,3.5823068618774414
1728,228,3.6307787895202637
1729,229,3.6078734397888184
1730,230,3.6132912635803223
1731,231,3.59554123878479
1732,232,3.620089292526245
1733,233,3.578946113586426
1734,234,3.6521148681640625
1735,235,3.6094741821289062
1736,236,3.6152780055999756
1737,237,3.5965194702148438
1738,238,3.620396852493286
1739,239,3.583960771560669
1740,240,3.642298460006714
1741,241,3.5844273567199707
1742,242,3.624713897705078
1743,243,3.5945663452148438
1744,244,3.6180248260498047
1745,245,3.5868513584136963
1746,246,3.639070987701416
1747,247,3.5909531116485596
1748,248,3.6247878074645996
1749,249,3.593923330307007
1750,250,3.6228365898132324
1751,251,3.588620901107788
1752,252,3.639981508255005
1753,253,3.5936834812164307
1754,254,3.6190741062164307
1755,255,3.5938234329223633
1756,256,3.6199111938476562
1757,257,3.588935136795044
1758,258,3.635657787322998
1759,259,3.5913119316101074
1760,260,3.623122453689575
1761,261,3.593717098236084
1762,262,3.6253936290740967
1763,263,3.588805675506592
1764,264,3.636284351348877
1765,265,3.593679666519165
1766,266,3.618783950805664
1767,267,3.5993475914001465
1768,268,3.619610071182251
1769,269,3.5932281017303467
1770,270,3.633394479751587
1771,271,3.592604637145996
1772,272,3.6232643127441406
1773,273,3.5921967029571533
1774,274,3.628157377243042
1775,275,3.5938873291015625
1776,276,3.6220173835754395
1777,277,3.588700294494629
1778,278,3.6355698108673096
1779,279,3.5929198265075684
1780,280,3.619265079498291
1781,281,3.593595266342163
1782,282,3.6252498626708984
1783,283,3.588270664215088
1784,284,3.642958164215088
1785,285,3.5975089073181152
1786,286,3.617880344390869
1787,287,3.600630283355713
1788,288,3.617572546005249
1789,289,3.5951476097106934
1790,290,3.6260623931884766
1791,291,3.586998462677002
1792,292,3.6445960998535156
1793,293,3.598456621170044
1794,294,3.615433931350708
1795,295,3.5991952419281006
1796,296,3.615372657775879
1797,297,3.5962109565734863
1798,298,3.621121883392334
1799,299,3.590564012527466
1800,0,1.3810123205184937
1801,1,2.2979843616485596
1802,2,2.6162290573120117
1803,3,2.7358100414276123
1804,4,2.7255332469940186
1805,5,2.651996374130249
1806,6,2.5428998470306396
1807,7,2.4433624744415283
1808,8,2.3582499027252197
1809,9,2.2827529907226562
1810,10,2.213371753692627
1811,11,2.167266845703125
1812,12,2.1389429569244385
1813,13,2.129638671875
1814,14,2.1418488025665283
1815,15,2.1672122478485107
1816,16,2.208796739578247
1817,17,2.2554898262023926
1818,18,2.3117129802703857
1819,19,2.3667032718658447
1820,20,2.416370153427124
1821,21,2.476275682449341
1822,22,2.53411602973938
1823,23,2.589789867401123
1824,24,2.6343233585357666
1825,25,2.6750383377075195
1826,26,2.7196061611175537
1827,27,2.7573957443237305
1828,28,2.7930209636688232
1829,29,2.826169490814209
1830,30,2.853775978088379
1831,31,2.8817319869995117
1832,32,2.9065663814544678
1833,33,2.9221222400665283
1834,34,2.935424566268921
1835,35,2.945263624191284
1836,36,2.9528000354766846
1837,37,2.962583065032959
1838,38,2.9723894596099854
1839,39,2.9782779216766357
1840,40,2.981865882873535
1841,41,2.9900119304656982
1842,42,2.9928247928619385
1843,43,2.9957714080810547
1844,44,2.9960720539093018
1845,45,2.9969072341918945
1846,46,2.9964168071746826
1847,47,2.9933347702026367
1848,48,2.9907076358795166
1849,49,2.985809803009033
1850,50,2.9840078353881836
1851,51,2.9810361862182617
1852,52,2.9810373783111572
1853,53,2.980109930038452
1854,54,2.9796767234802246
1855,55,2.978581190109253
1856,56,2.9794421195983887
1857,57,2.9794068336486816
1858,58,2.9795424938201904
1859,59,2.9789845943450928
1860,60,2.980374813079834
1861,61,2.9802215099334717
1862,62,2.982736110687256
1863,63,2.983646869659424
1864,64,2.983487129211426
1865,65,2.9826037883758545
1866,66,2.98189377784729
1867,67,2.982020616531372
1868,68,2.98132061958313
1869,69,2.9818785190582275
1870,70,2.981645345687866
1871,71,2.9796879291534424
1872,72,2.979386806488037
1873,73,2.979785919189453
1874,74,2.9797871112823486
1875,75,2.97881817817688
1876,76,2.977544069290161
1877,77,2.9803109169006348
1878,78,2.9835174083709717
1879,79,2.9880104064941406
1880,80,2.9917306900024414
1881,81,2.995029926300049
1882,82,3.000434637069702
1883,83,3.0061757564544678
1884,84,3.010246515274048
1885,85,3.0144846439361572
1886,86,3.0194027423858643
1887,87,3.02282452583313
1888,88,3.024364471435547
1889,89,3.0256690979003906
1890,90,3.028424024581909
1891,91,3.0302441120147705
1892,92,3.03283429145813
1893,93,3.0335283279418945
1894,94,3.0340609550476074
1895,95,3.032599925994873
1896,96,3.033165454864502
1897,97,3.032410144805908
1898,98,3.0324249267578125
1899,99,3.030583620071411
1900,100,3.241058588027954
1901,101,3.2969772815704346
1902,102,3.418694019317627
1903,103,3.5273690223693848
1904,104,3.730696439743042
1905,105,3.8461880683898926
1906,106,3.921071767807007
1907,107,3.994774103164673
1908,108,4.000959873199463
1909,109,4.133897304534912
1910,110,4.305282115936279
1911,111,4.3850998878479
1912,112,4.47301721572876
1913,113,4.632905006408691
1914,114,4.662899017333984
1915,115,4.88675594329834
1916,116,5.08734130859375
1917,117,5.1821794509887695
1918,118,5.257697582244873
1919,119,5.259788990020752
1920,120,5.265714645385742
1921,121,5.143131732940674
1922,122,5.297918796539307
1923,123,5.285444736480713
1924,124,5.279441833496094
1925,125,5.332235813140869
1926,126,5.3616437911987305
1927,127,5.351591110229492
1928,128,5.358346939086914
1929,129,5.346243858337402
1930,130,5.359124660491943
1931,131,5.316320419311523
1932,132,5.372824668884277
1933,133,5.368921756744385
1934,134,5.362199783325195
1935,135,5.376459121704102
1936,136,5.381257057189941
1937,137,5.373709201812744
1938,138,5.373721122741699
1939,139,5.380126476287842
1940,140,5.369328022003174
1941,141,5.391854763031006
1942,142,5.34116792678833
1943,143,5.329832077026367
1944,144,5.3310465812683105
1945,145,5.319815635681152
1946,146,5.345988750457764
1947,147,5.334288120269775
1948,148,5.355626583099365
1949,149,5.331199645996094
1950,150,5.349463939666748
1951,151,5.31928014755249
1952,152,5.322726249694824
1953,153,5.324924468994141
1954,154,5.328770637512207
1955,155,5.329077243804932
1956,156,5.336315155029297
1957,157,5.338260650634766
1958,158,5.350566864013672
1959,159,5.336124897003174
1960,160,5.364491939544678
1961,161,5.34736967086792
1962,162,5.35091495513916
1963,163,5.363190174102783
1964,164,5.326868057250977
1965,165,5.346015453338623
1966,166,5.3424201011657715
1967,167,5.3542046546936035
1968,168,5.35795783996582
1969,169,5.348423480987549
1970,170,5.355953693389893
1971,171,5.342696666717529
1972,172,5.360556125640869
1973,173,5.353107452392578
1974,174,5.367676734924316
1975,175,5.342369556427002
1976,176,5.358357906341553
1977,177,5.353704929351807
1978,178,5.370963096618652
1979,179,5.353645324707031
1980,180,5.365260601043701
1981,181,5.339295864105225
1982,182,5.361815929412842
1983,183,5.364253520965576
1984,184,5.371163368225098
1985,185,5.3656392097473145
1986,186,5.3703742027282715
1987,187,5.364529609680176
1988,188,5.363704681396484
1989,189,5.376034259796143
1990,190,5.335332870483398
1991,191,5.355440616607666
1992,192,5.358969211578369
1993,193,5.369330883026123
1994,194,5.339344024658203
1995,195,5.341313362121582
1996,196,5.3548359870910645
1997,197,5.349392890930176
1998,198,5.369259834289551
1999,199,5.322843551635742
2000,200,5.342045783996582
2001,201,5.355795383453369
2002,202,5.356453895568848
2003,203,5.36884069442749
2004,204,5.317971706390381
2005,205,5.334591865539551
2006,206,5.344151496887207
2007,207,5.359320640563965
2008,208,5.353598117828369
2009,209,5.3723554611206055
2010,210,5.318559169769287
2011,211,5.340705871582031
2012,212,5.349999904632568
2013,213,5.360350608825684
2014,214,5.352042198181152
2015,215,5.365777492523193
2016,216,5.348233699798584
2017,217,5.3648362159729
2018,218,5.356433391571045
2019,219,5.36046838760376
2020,220,5.373909950256348
2021,221,5.3020405769348145
2022,222,5.314995765686035
2023,223,5.328541278839111
2024,224,5.333237648010254
2025,225,5.335387229919434
2026,226,5.332792282104492
2027,227,5.345526218414307
2028,228,5.343761920928955
2029,229,5.357598781585693
2030,230,5.331335544586182
2031,231,5.336207866668701
2032,232,5.3552117347717285
2033,233,5.352060794830322
2034,234,5.366833686828613
2035,235,5.34733247756958
2036,236,5.371150493621826
2037,237,5.354616165161133
2038,238,5.368723392486572
2039,239,5.339203357696533
2040,240,5.357430458068848
2041,241,5.366854667663574
2042,242,5.356720924377441
2043,243,5.378207206726074
2044,244,5.354100704193115
2045,245,5.360097885131836
2046,246,5.365808486938477
2047,247,5.365993499755859
2048,248,5.374907493591309
2049,249,5.322726249694824
2050,250,5.3430256843566895
2051,251,5.359558582305908
2052,252,5.35933780670166
2053,253,5.376718044281006
2054,254,5.327366352081299
2055,255,5.343520164489746
2056,256,5.357816696166992
2057,257,5.354848861694336
2058,258,5.372778415679932
2059,259,5.351099491119385
2060,260,5.361095905303955
2061,261,5.3572773933410645
2062,262,5.374546051025391
2063,263,5.336992263793945
2064,264,5.3521833419799805
2065,265,5.368260860443115
2066,266,5.369352340698242
2067,267,5.36635684967041
2068,268,5.375866413116455
2069,269,5.319421768188477
2070,270,5.336223602294922
2071,271,5.346952438354492
2072,272,5.356160640716553
2073,273,5.356099605560303
2074,274,5.370866298675537
2075,275,5.360036373138428
2076,276,5.372809886932373
2077,277,5.3563032150268555
2078,278,5.370016098022461
2079,279,5.337721824645996
2080,280,5.352284908294678
2081,281,5.365102767944336
2082,282,5.348942756652832
2083,283,5.363256931304932
2084,284,5.362796783447266
2085,285,5.369317054748535
2086,286,5.355897426605225
2087,287,5.370527744293213
2088,288,5.356554985046387
2089,289,5.366023540496826
2090,290,5.347869873046875
2091,291,5.363433361053467
2092,292,5.3619818687438965
2093,293,5.370499134063721
2094,294,5.34548282623291
2095,295,5.358837604522705
2096,296,5.363626003265381
2097,297,5.369601249694824
2098,298,5.3563761711120605
2099,299,5.3680644035339355
2100,0,0.9712749719619751
2101,1,2.2300169467926025
2102,2,2.635239362716675
2103,3,2.715773582458496
2104,4,2.6626627445220947
2105,5,2.5814712047576904
2106,6,2.5107409954071045
2107,7,2.4843270778656006
2108,8,2.4969429969787598
2109,9,2.5233144760131836
2110,10,2.527992010116577
2111,11,2.523216962814331
2112,12,2.521906852722168
2113,13,2.518205404281616
2114,14,2.5207931995391846
2115,15,2.521937370300293
2116,16,2.52925968170166
2117,17,2.5410256385803223
2118,18,2.5595173835754395
2119,19,2.584911346435547
2120,20,2.6141412258148193
2121,21,2.641176223754883
2122,22,2.6754467487335205
2123,23,2.708082437515259
2124,24,2.741427183151245
2125,25,2.7690162658691406
2126,26,2.796675682067871
2127,27,2.8198342323303223
2128,28,2.839404582977295
2129,29,2.8586604595184326
2130,30,2.871436595916748
2131,31,2.8862152099609375
2132,32,2.8977019786834717
2133,33,2.910090208053589
2134,34,2.920966386795044
2135,35,2.927804708480835
2136,36,2.9357094764709473
2137,37,2.942272901535034
2138,38,2.9480128288269043
2139,39,2.9543135166168213
2140,40,2.961153507232666
2141,41,2.96565580368042
2142,42,2.9676222801208496
2143,43,2.9680447578430176
2144,44,2.9688851833343506
2145,45,2.9704959392547607
2146,46,2.9733104705810547
2147,47,2.972238540649414
2148,48,2.970944404602051
2149,49,2.971007823944092
2150,50,2.9704761505126953
2151,51,2.9698269367218018
2152,52,2.968470335006714
2153,53,2.9665186405181885
2154,54,2.964895725250244
2155,55,2.963343620300293
2156,56,2.9623749256134033
2157,57,2.961770534515381
2158,58,2.963547945022583
2159,59,2.9653375148773193
2160,60,2.9680123329162598
2161,61,2.9697494506835938
2162,62,2.970465660095215
2163,63,2.9687728881835938
2164,64,2.9694151878356934
2165,65,2.9685795307159424
2166,66,2.9684276580810547
2167,67,2.968005895614624
2168,68,2.968038320541382
2169,69,2.9698617458343506
2170,70,2.9697585105895996
2171,71,2.9686408042907715
2172,72,2.967071771621704
2173,73,2.966855764389038
2174,74,2.966344118118286
2175,75,2.964839458465576
2176,76,2.965552568435669
2177,77,2.965751886367798
2178,78,2.9642481803894043
2179,79,2.9649429321289062
2180,80,2.965332269668579
2181,81,2.9649338722229004
2182,82,2.9648170471191406
2183,83,2.9661552906036377
2184,84,2.965996026992798
2185,85,2.965198516845703
2186,86,2.964158535003662
2187,87,2.9663217067718506
2188,88,2.970052719116211
2189,89,2.9721269607543945
2190,90,2.9733779430389404
2191,91,2.9739978313446045
2192,92,2.9727394580841064
2193,93,2.9720141887664795
2194,94,2.971039295196533
2195,95,2.9708731174468994
2196,96,2.969928026199341
2197,97,2.970104455947876
2198,98,2.9694700241088867
2199,99,2.9702463150024414
2200,100,3.1784729957580566
2201,101,3.325139045715332
2202,102,3.211947202682495
2203,103,3.2055580615997314
2204,104,3.234576463699341
2205,105,3.166234016418457
2206,106,3.1772079467773438
2207,107,3.317943572998047
2208,108,3.3242156505584717
2209,109,3.317601442337036
2210,110,3.4333057403564453
2211,111,3.378082275390625
2212,112,3.4268577098846436
2213,113,3.3958799839019775
2214,114,3.436596393585205
2215,115,3.4492857456207275
2216,116,3.5346901416778564
2217,117,3.597336530685425
2218,118,3.6616921424865723
2219,119,3.6831092834472656
2220,120,3.6017332077026367
2221,121,3.648192882537842
2222,122,3.630563259124756
2223,123,3.7829222679138184
2224,124,3.6862361431121826
2225,125,3.805399179458618
2226,126,3.8397045135498047
2227,127,3.8429388999938965
2228,128,3.830125570297241
2229,129,3.887507677078247
2230,130,3.885158061981201
2231,131,3.9632647037506104
2232,132,3.9310569763183594
2233,133,3.952320098876953
2234,134,4.005614757537842
2235,135,3.8848350048065186
2236,136,4.090210914611816
2237,137,4.028016090393066
2238,138,4.059633255004883
2239,139,3.9873499870300293
2240,140,4.093142032623291
2241,141,4.175472736358643
2242,142,4.230276584625244
2243,143,4.223795413970947
2244,144,4.201453685760498
2245,145,4.295284271240234
2246,146,4.188319206237793
2247,147,4.3605170249938965
2248,148,4.259955406188965
2249,149,4.267852783203125
2250,150,4.273932933807373
2251,151,4.29457426071167
2252,152,4.325090408325195
2253,153,4.260464668273926
2254,154,4.3894524574279785
2255,155,4.2516374588012695
2256,156,4.3301100730896
2257,157,4.313941955566406
2258,158,4.363592624664307
2259,159,4.24309778213501
2260,160,4.412067890167236
2261,161,4.315989017486572
2262,162,4.387080192565918
2263,163,4.273458480834961
2264,164,4.385237216949463
2265,165,4.344891548156738
2266,166,4.379631996154785
2267,167,4.29926061630249
2268,168,4.375346660614014
2269,169,4.324742794036865
2270,170,4.372226715087891
2271,171,4.288949012756348
2272,172,4.391272068023682
2273,173,4.340639114379883
2274,174,4.359202861785889
2275,175,4.3028883934021
2276,176,4.3594746589660645
2277,177,4.296446800231934
2278,178,4.32832670211792
2279,179,4.339970111846924
2280,180,4.34229850769043
2281,181,4.335861682891846
2282,182,4.32733678817749
2283,183,4.337404727935791
2284,184,4.332005977630615
2285,185,4.335431098937988
2286,186,4.307989597320557
2287,187,4.345260143280029
2288,188,4.333619594573975
2289,189,4.2979865074157715
2290,190,4.383952617645264
2291,191,4.240130424499512
2292,192,4.383049488067627
2293,193,4.297121524810791
2294,194,4.358321189880371
2295,195,4.331018447875977
2296,196,4.351046085357666
2297,197,4.315345287322998
2298,198,4.355523109436035
2299,199,4.282681465148926
2300,200,4.383431434631348
2301,201,4.302245140075684
2302,202,4.3700852394104
2303,203,4.311738967895508
2304,204,4.343105316162109
2305,205,4.340399265289307
2306,206,4.3043599128723145
2307,207,4.327569007873535
2308,208,4.358455181121826
2309,209,4.317404747009277
2310,210,4.33137321472168
2311,211,4.342674732208252
2312,212,4.330844402313232
2313,213,4.334689617156982
2314,214,4.31521463394165
2315,215,4.347388744354248
2316,216,4.325809478759766
2317,217,4.36464262008667
2318,218,4.270404815673828
2319,219,4.357326507568359
2320,220,4.308088779449463
2321,221,4.3632330894470215
2322,222,4.336000442504883
2323,223,4.377213001251221
2324,224,4.265742301940918
2325,225,4.321698188781738
2326,226,4.318212985992432
2327,227,4.350221633911133
2328,228,4.3029561042785645
2329,229,4.356532096862793
2330,230,4.320170879364014
2331,231,4.37539005279541
2332,232,4.283214569091797
2333,233,4.354691982269287
2334,234,4.30886697769165
2335,235,4.360114097595215
2336,236,4.3162384033203125
2337,237,4.357515335083008
2338,238,4.3063764572143555
2339,239,4.341021537780762
2340,240,4.319411277770996
2341,241,4.350184917449951
2342,242,4.320164203643799
2343,243,4.358398914337158
2344,244,4.273240566253662
2345,245,4.32937479019165
2346,246,4.317652702331543
2347,247,4.3411865234375
2348,248,4.329287528991699
2349,249,4.317129611968994
2350,250,4.332927227020264
2351,251,4.338408946990967
2352,252,4.343844413757324
2353,253,4.26497745513916
2354,254,4.285163402557373
2355,255,4.288710594177246
2356,256,4.282031059265137
2357,257,4.289966106414795
2358,258,4.302340030670166
2359,259,4.295470237731934
2360,260,4.320234298706055
2361,261,4.317258358001709
2362,262,4.31648063659668
2363,263,4.306796550750732
2364,264,4.343559265136719
2365,265,4.301131725311279
2366,266,4.347840309143066
2367,267,4.304443836212158
2368,268,4.343130111694336
2369,269,4.315885066986084
2370,270,4.34554386138916
2371,271,4.287636756896973
2372,272,4.3356499671936035
2373,273,4.330296039581299
2374,274,4.337848663330078
2375,275,4.323505401611328
2376,276,4.320127010345459
2377,277,4.320754528045654
2378,278,4.325193881988525
2379,279,4.33383321762085
2380,280,4.256520748138428
2381,281,4.273974418640137
2382,282,4.265045166015625
2383,283,4.287689685821533
2384,284,4.294323921203613
2385,285,4.306161403656006
2386,286,4.312915325164795
2387,287,4.32090950012207
2388,288,4.3382649421691895
2389,289,4.309761047363281
2390,290,4.349278926849365
2391,291,4.260859966278076
2392,292,4.313872337341309
2393,293,4.310715675354004
2394,294,4.315602779388428
2395,295,4.333671569824219
2396,296,4.309978008270264
2397,297,4.3209662437438965
2398,298,4.338168621063232
2399,299,4.303500652313232
2400,0,1.1825095415115356
2401,1,2.2647011280059814
2402,2,2.5454840660095215
2403,3,2.6606709957122803
2404,4,2.631681203842163
2405,5,2.564345598220825
2406,6,2.5141613483428955
2407,7,2.5032646656036377
2408,8,2.491915464401245
2409,9,2.4610166549682617
2410,10,2.4372379779815674
2411,11,2.417393922805786
2412,12,2.4125449657440186
2413,13,2.425165891647339
2414,14,2.4505693912506104
2415,15,2.489506483078003
2416,16,2.5392212867736816
2417,17,2.5834009647369385
2418,18,2.6311519145965576
2419,19,2.679323196411133
2420,20,2.725332260131836
2421,21,2.7617149353027344
2422,22,2.7895803451538086
2423,23,2.811652660369873
2424,24,2.8290839195251465
2425,25,2.839574098587036
2426,26,2.850356101989746
2427,27,2.8604423999786377
2428,28,2.868189573287964
2429,29,2.8748457431793213
2430,30,2.881781816482544
2431,31,2.8851518630981445
2432,32,2.890143394470215
2433,33,2.8940210342407227
2434,34,2.8965320587158203
2435,35,2.901632785797119
2436,36,2.906193733215332
2437,37,2.90921950340271
2438,38,2.916755199432373
2439,39,2.9179461002349854
2440,40,2.922591209411621
2441,41,2.926070213317871
2442,42,2.930464744567871
2443,43,2.9328765869140625
2444,44,2.9386556148529053
2445,45,2.9416327476501465
2446,46,2.9438133239746094
2447,47,2.9461400508880615
2448,48,2.950047492980957
2449,49,2.955251455307007
2450,50,2.9587953090667725
2451,51,2.962833881378174
2452,52,2.966423273086548
2453,53,2.970909357070923
2454,54,2.973318576812744
2455,55,2.9762892723083496
2456,56,2.977433204650879
2457,57,2.9800355434417725
2458,58,2.9822752475738525
2459,59,2.983246326446533
2460,60,2.984543561935425
2461,61,2.986940860748291
2462,62,2.989147663116455
2463,63,2.9889533519744873
2464,64,2.986829996109009
2465,65,2.98469877243042
2466,66,2.985119342803955
2467,67,2.9823713302612305
2468,68,2.9817323684692383
2469,69,2.982414722442627
2470,70,2.9842686653137207
2471,71,2.9861197471618652
2472,72,2.9838767051696777
2473,73,2.9819488525390625
2474,74,2.981584310531616
2475,75,2.9820151329040527
2476,76,2.983948230743408
2477,77,2.987940788269043
2478,78,2.990265130996704
2479,79,2.9909539222717285
2480,80,2.9912068843841553
2481,81,2.991830348968506
2482,82,2.9911303520202637
2483,83,2.991105794906616
2484,84,2.9898762702941895
2485,85,2.990266799926758
2486,86,2.98942494392395
2487,87,2.9871346950531006
2488,88,2.984853744506836
2489,89,2.9843456745147705
2490,90,2.9821412563323975
2491,91,2.9810662269592285
2492,92,2.9807190895080566
2493,93,2.978159189224243
2494,94,2.977091073989868
2495,95,2.975283622741699
2496,96,2.9740357398986816
2497,97,2.9705851078033447
2498,98,2.9698216915130615
2499,99,2.9693615436553955
2500,100,3.257578134536743
2501,101,3.2829947471618652
2502,102,3.4154226779937744
2503,103,3.558736562728882
2504,104,3.652050733566284
2505,105,3.617295265197754
2506,106,3.664133071899414
2507,107,3.6611568927764893
2508,108,3.7718148231506348
2509,109,3.7943787574768066
2510,110,3.775970220565796
2511,111,3.8345632553100586
2512,112,3.8499534130096436
2513,113,4.002312183380127
2514,114,3.9801108837127686
2515,115,4.122053146362305
2516,116,4.03159761428833
2517,117,4.122467517852783
2518,118,3.975233554840088
2519,119,4.1279096603393555
2520,120,4.097846984863281
2521,121,4.210753917694092
2522,122,4.356802463531494
2523,123,4.482409477233887
2524,124,4.67894983291626
2525,125,4.751690864562988
2526,126,4.816412925720215
2527,127,4.750828742980957
2528,128,4.778042793273926
2529,129,4.797689914703369
2530,130,4.708888053894043
2531,131,4.928945064544678
2532,132,4.907317161560059
2533,133,4.849123477935791
2534,134,4.944420337677002
2535,135,4.8825459480285645
2536,136,4.9978413581848145
2537,137,5.052603244781494
2538,138,5.124518394470215
2539,139,5.145163536071777
2540,140,5.117599010467529
2541,141,5.181803226470947
2542,142,5.121949672698975
2543,143,5.221902370452881
2544,144,5.130249977111816
2545,145,5.197637557983398
2546,146,5.211021900177002
2547,147,5.212576389312744
2548,148,5.246059894561768
2549,149,5.211740016937256
2550,150,5.242316246032715
2551,151,5.185276508331299
2552,152,5.212751865386963
2553,153,5.188999176025391
2554,154,5.25314998626709
2555,155,5.205501556396484
2556,156,5.2613043785095215
2557,157,5.227924346923828
2558,158,5.264535903930664
2559,159,5.211851596832275
2560,160,5.217466831207275
2561,161,5.213361740112305
2562,162,5.223724842071533
2563,163,5.215679168701172
2564,164,5.23765754699707
2565,165,5.175479412078857
2566,166,5.213081359863281
2567,167,5.220589637756348
2568,168,5.248952388763428
2569,169,5.224049091339111
2570,170,5.255121231079102
2571,171,5.216278076171875
2572,172,5.283575534820557
2573,173,5.223011493682861
2574,174,5.218635559082031
2575,175,5.241413116455078
2576,176,5.265281677246094
2577,177,5.204555511474609
2578,178,5.239733695983887
2579,179,5.256796360015869
2580,180,5.240392684936523
2581,181,5.266750335693359
2582,182,5.250400066375732
2583,183,5.25750207901001
2584,184,5.247488975524902
2585,185,5.245420932769775
2586,186,5.255723476409912
2587,187,5.234132766723633
2588,188,5.238770961761475
2589,189,5.251520156860352
2590,190,5.26406717300415
2591,191,5.231481075286865
2592,192,5.251674652099609
2593,193,5.23487663269043
2594,194,5.248209476470947
2595,195,5.230016231536865
2596,196,5.253723621368408
2597,197,5.240255832672119
2598,198,5.266803741455078
2599,199,5.241785049438477
2600,200,5.26016092300415
2601,201,5.248072624206543
2602,202,5.276799201965332
2603,203,5.176043510437012
2604,204,5.203023433685303
2605,205,5.214264392852783
2606,206,5.226059913635254
2607,207,5.21107816696167
2608,208,5.246017932891846
2609,209,5.230369567871094
2610,210,5.236417293548584
2611,211,5.226505279541016
2612,212,5.260456085205078
2613,213,5.239477634429932
2614,214,5.250378608703613
2615,215,5.2440185546875
2616,216,5.267241477966309
2617,217,5.20856237411499
2618,218,5.203611850738525
2619,219,5.2354230880737305
2620,220,5.260262489318848
2621,221,5.223334312438965
2622,222,5.230326175689697
2623,223,5.252246856689453
2624,224,5.240175724029541
2625,225,5.2547926902771
2626,226,5.242223262786865
2627,227,5.2608771324157715
2628,228,5.224242687225342
2629,229,5.244974136352539
2630,230,5.259096622467041
2631,231,5.224821090698242
2632,232,5.260744571685791
2633,233,5.254465579986572
2634,234,5.273536682128906
2635,235,5.189974308013916
2636,236,5.22133731842041
2637,237,5.239694595336914
2638,238,5.236234188079834
2639,239,5.25808572769165
2640,240,5.235790729522705
2641,241,5.250460624694824
2642,242,5.2446441650390625
2643,243,5.262242794036865
2644,244,5.198155403137207
2645,245,5.201425552368164
2646,246,5.226397514343262
2647,247,5.2479023933410645
2648,248,5.24733829498291
2649,249,5.260431289672852
2650,250,5.227137088775635
2651,251,5.249666213989258
2652,252,5.2335591316223145
2653,253,5.272082805633545
2654,254,5.194637298583984
2655,255,5.223505973815918
2656,256,5.244276523590088
2657,257,5.234466075897217
2658,258,5.257831573486328
2659,259,5.224910259246826
2660,260,5.247326374053955
2661,261,5.2653303146362305
2662,262,5.25058126449585
2663,263,5.274956226348877
2664,264,5.1908721923828125
2665,265,5.206273078918457
2666,266,5.210338592529297
2667,267,5.224668502807617
2668,268,5.220621585845947
2669,269,5.226245403289795
2670,270,5.22918176651001
2671,271,5.210572719573975
2672,272,5.242070198059082
2673,273,5.2329325675964355
2674,274,5.248508453369141
2675,275,5.2083420753479
2676,276,5.238348960876465
2677,277,5.24510383605957
2678,278,5.228264331817627
2679,279,5.258117198944092
2680,280,5.166079044342041
2681,281,5.196788311004639
2682,282,5.2277750968933105
2683,283,5.243603229522705
2684,284,5.2520623207092285
2685,285,5.225549221038818
2686,286,5.232667446136475
2687,287,5.247208118438721
2688,288,5.219289779663086
2689,289,5.250321865081787
2690,290,5.2287492752075195
2691,291,5.239610195159912
2692,292,5.2514519691467285
2693,293,5.209429740905762
2694,294,5.236158847808838
2695,295,5.245346546173096
2696,296,5.251142978668213
2697,297,5.2186055183410645
2698,298,5.249640941619873
2699,299,5.224911689758301
2700,0,1.3942358493804932
2701,1,2.307986259460449
2702,2,2.570333242416382
2703,3,2.657083749771118
2704,4,2.669039487838745
2705,5,2.657426357269287
2706,6,2.630892038345337
2707,7,2.572246551513672
2708,8,2.510138988494873
2709,9,2.4560017585754395
2710,10,2.4185116291046143
2711,11,2.379645347595215
2712,12,2.363657236099243
2713,13,2.3582348823547363
2714,14,2.3767249584198
2715,15,2.3991658687591553
2716,16,2.4264285564422607
2717,17,2.456932783126831
2718,18,2.4905340671539307
2719,19,2.527527332305908
2720,20,2.5608279705047607
2721,21,2.5922932624816895
2722,22,2.630368232727051
2723,23,2.657935857772827
2724,24,2.6880664825439453
2725,25,2.712829351425171
2726,26,2.743046522140503
2727,27,2.7673299312591553
2728,28,2.7882132530212402
2729,29,2.8022615909576416
2730,30,2.821502447128296
2731,31,2.835883140563965
2732,32,2.8508853912353516
2733,33,2.8628342151641846
2734,34,2.873497247695923
2735,35,2.8813071250915527
2736,36,2.8926045894622803
2737,37,2.9075276851654053
2738,38,2.9167299270629883
2739,39,2.9265408515930176
2740,40,2.939116954803467
2741,41,2.950011730194092
2742,42,2.9584367275238037
2743,43,2.966975688934326
2744,44,2.9740335941314697
2745,45,2.980341672897339
2746,46,2.986034393310547
2747,47,2.995267391204834
2748,48,3.001189708709717
2749,49,3.007457733154297
2750,50,3.011643648147583
2751,51,3.0148420333862305
2752,52,3.0173604488372803
2753,53,3.0223042964935303
2754,54,3.0246052742004395
2755,55,3.028071403503418
2756,56,3.0296080112457275
2757,57,3.0273284912109375
2758,58,3.0256307125091553
2759,59,3.025372266769409
2760,60,3.025463104248047
2761,61,3.0247247219085693
2762,62,3.0244030952453613
2763,63,3.0227770805358887
2764,64,3.0200366973876953
2765,65,3.0173861980438232
2766,66,3.0153260231018066
2767,67,3.0130953788757324
2768,68,3.0135202407836914
2769,69,3.01314640045166
2770,70,3.0108489990234375
2771,71,3.0099573135375977
2772,72,3.0054666996002197
2773,73,3.0006752014160156
2774,74,2.9985854625701904
2775,75,2.9944918155670166
2776,76,2.9888405799865723
2777,77,2.98443603515625
2778,78,2.9779250621795654
2779,79,2.9738829135894775
2780,80,2.9704067707061768
2781,81,2.969196081161499
2782,82,2.9664831161499023
2783,83,2.9630773067474365
2784,84,2.959855318069458
2785,85,2.956496238708496
2786,86,2.9557621479034424
2787,87,2.953718662261963
2788,88,2.9532628059387207
2789,89,2.9555652141571045
2790,90,2.9568469524383545
2791,91,2.9605979919433594
2792,92,2.9615464210510254
2793,93,2.963858127593994
2794,94,2.965830087661743
2795,95,2.9690191745758057
2796,96,2.97119402885437
2797,97,2.9719057083129883
2798,98,2.971959352493286
2799,99,2.9721484184265137
2800,100,3.2373220920562744
2801,101,3.3447463512420654
2802,102,3.4291021823883057
2803,103,3.4588444232940674
2804,104,3.5018882751464844
2805,105,3.5302412509918213
2806,106,3.5867483615875244
2807,107,3.628222942352295
2808,108,3.7375521659851074
2809,109,3.701853036880493
2810,110,3.8152964115142822
2811,111,3.79482102394104
2812,112,3.7446064949035645
2813,113,3.840043544769287
2814,114,3.883831262588501
2815,115,3.810539722442627
2816,116,3.7613890171051025
2817,117,3.8938486576080322
2818,118,3.8975889682769775
2819,119,3.8858096599578857
2820,120,3.9615046977996826
2821,121,3.908106565475464
2822,122,3.963702917098999
2823,123,3.882761240005493
2824,124,4.011218070983887
2825,125,4.049592971801758
2826,126,4.044833660125732
2827,127,4.070227146148682
2828,128,4.130007266998291
2829,129,4.134961128234863
2830,130,4.038171291351318
2831,131,4.062198162078857
2832,132,4.068631172180176
2833,133,4.095223426818848
2834,134,4.061291694641113
2835,135,4.102840900421143
2836,136,4.0376715660095215
2837,137,4.148914813995361
2838,138,4.127312183380127
2839,139,4.195691108703613
2840,140,4.138346195220947
2841,141,4.235419750213623
2842,142,4.21103572845459
2843,143,4.237039566040039
2844,144,4.263448715209961
2845,145,4.199610710144043
2846,146,4.2666144371032715
2847,147,4.281360626220703
2848,148,4.249645233154297
2849,149,4.298198223114014
2850,150,4.2166523933410645
2851,151,4.334674835205078
2852,152,4.29055643081665
2853,153,4.361961841583252
2854,154,4.245025634765625
2855,155,4.240702152252197
2856,156,4.313011646270752
2857,157,4.221858501434326
2858,158,4.280467987060547
2859,159,4.22629976272583
2860,160,4.304755210876465
2861,161,4.2940993309021
2862,162,4.29486608505249
2863,163,4.298840522766113
2864,164,4.288651943206787
2865,165,4.325092315673828
2866,166,4.257387638092041
2867,167,4.374894618988037
2868,168,4.333920955657959
2869,169,4.358240604400635
2870,170,4.285168647766113
2871,171,4.43369197845459
2872,172,4.310540676116943
2873,173,4.34473991394043
2874,174,4.279568195343018
2875,175,4.356130123138428
2876,176,4.285813331604004
2877,177,4.397641181945801
2878,178,4.3487372398376465
2879,179,4.365070343017578
2880,180,4.33362340927124
2881,181,4.391108512878418
2882,182,4.348534107208252
2883,183,4.402478218078613
2884,184,4.3095383644104
2885,185,4.40047550201416
2886,186,4.352513790130615
2887,187,4.374251365661621
2888,188,4.348644256591797
2889,189,4.390068531036377
2890,190,4.331284999847412
2891,191,4.384219646453857
2892,192,4.349748134613037
2893,193,4.382843017578125
2894,194,4.335242748260498
2895,195,4.385833263397217
2896,196,4.348097324371338
2897,197,4.385951042175293
2898,198,4.345046043395996
2899,199,4.377115726470947
2900,200,4.34158182144165
2901,201,4.375150203704834
2902,202,4.357234477996826
2903,203,4.375020980834961
2904,204,4.337550640106201
2905,205,4.394606590270996
2906,206,4.343696117401123
2907,207,4.380415439605713
2908,208,4.344725608825684
2909,209,4.374361515045166
2910,210,4.360623359680176
2911,211,4.357560157775879
2912,212,4.3561553955078125
2913,213,4.3589348793029785
2914,214,4.347141742706299
2915,215,4.366850852966309
2916,216,4.345269203186035
2917,217,4.3721771240234375
2918,218,4.32000207901001
2919,219,4.366361618041992
2920,220,4.337919235229492
2921,221,4.360779285430908
2922,222,4.341358184814453
2923,223,4.363519668579102
2924,224,4.332585334777832
2925,225,4.381603717803955
2926,226,4.337716102600098
2927,227,4.353203296661377
2928,228,4.335521221160889
2929,229,4.365114688873291
2930,230,4.335587978363037
2931,231,4.359409809112549
2932,232,4.332846164703369
2933,233,4.354728698730469
2934,234,4.337314128875732
2935,235,4.357048988342285
2936,236,4.327714920043945
2937,237,4.356636047363281
2938,238,4.340280055999756
2939,239,4.341811180114746
2940,240,4.352168083190918
2941,241,4.312746047973633
2942,242,4.348481178283691
2943,243,4.332066059112549
2944,244,4.341465950012207
2945,245,4.337215900421143
2946,246,4.323665618896484
2947,247,4.345701217651367
2948,248,4.332649230957031
2949,249,4.347095012664795
2950,250,4.333137035369873
2951,251,4.350167274475098
2952,252,4.308427810668945
2953,253,4.353405952453613
2954,254,4.3292460441589355
2955,255,4.334719181060791
2956,256,4.3347907066345215
2957,257,4.336544990539551
2958,258,4.332319259643555
2959,259,4.332505702972412
2960,260,4.324599266052246
2961,261,4.332539081573486
2962,262,4.323825836181641
2963,263,4.332819938659668
2964,264,4.31771183013916
2965,265,4.343286514282227
2966,266,4.313359260559082
2967,267,4.329407215118408
2968,268,4.312721252441406
2969,269,4.335484027862549
2970,270,4.310511589050293
2971,271,4.330299377441406
2972,272,4.316431045532227
2973,273,4.33027458190918
2974,274,4.309031009674072
2975,275,4.329276084899902
2976,276,4.3156633377075195
2977,277,4.333002090454102
2978,278,4.3021321296691895
2979,279,4.330100059509277
2980,280,4.315849304199219
2981,281,4.323078155517578
2982,282,4.317471981048584
2983,283,4.314971923828125
2984,284,4.318475723266602
2985,285,4.310011386871338
2986,286,4.322340965270996
2987,287,4.307309150695801
2988,288,4.328425884246826
2989,289,4.287083625793457
2990,290,4.324810981750488
2991,291,4.308963298797607
2992,292,4.320350646972656
2993,293,4.3110551834106445
2994,294,4.331554412841797
2995,295,4.307510852813721
2996,296,4.320552349090576
2997,297,4.292147636413574
2998,298,4.321322917938232
2999,299,4.311103820800781
