,epoch,spg,e2e,vani
0,0,0.8165868520736694,0.8168169856071472,0.8858656287193298
1,1,1.7627058029174805,1.762481927871704,2.3100595474243164
2,2,2.3288381099700928,2.331495523452759,2.603959083557129
3,3,2.492337703704834,2.4918630123138428,2.6789281368255615
4,4,2.539752721786499,2.5398147106170654,2.6834301948547363
5,5,2.523952007293701,2.525712013244629,2.651226043701172
6,6,2.486534595489502,2.4855921268463135,2.588099956512451
7,7,2.438169002532959,2.4388914108276367,2.5319135189056396
8,8,2.393345355987549,2.393319845199585,2.4870288372039795
9,9,2.3678176403045654,2.366692304611206,2.466200828552246
10,10,2.3659133911132812,2.373281717300415,2.4627156257629395
11,11,2.387874126434326,2.3849475383758545,2.4694128036499023
12,12,2.4079933166503906,2.401994466781616,2.477548599243164
13,13,2.42301344871521,2.4211976528167725,2.488173723220825
14,14,2.4368715286254883,2.430347442626953,2.497720718383789
15,15,2.4495933055877686,2.4389612674713135,2.505359649658203
16,16,2.4612390995025635,2.4481818675994873,2.518707752227783
17,17,2.474968194961548,2.470344066619873,2.533478021621704
18,18,2.4844260215759277,2.488722324371338,2.5452444553375244
19,19,2.496272563934326,2.500251531600952,2.5597469806671143
20,20,2.5122690200805664,2.511622905731201,2.5752553939819336
21,21,2.529402732849121,2.5344576835632324,2.590040445327759
22,22,2.5518510341644287,2.5564944744110107,2.6024937629699707
23,23,2.577322244644165,2.57829213142395,2.629405975341797
24,24,2.6002817153930664,2.6007556915283203,2.6517112255096436
25,25,2.624209403991699,2.6255807876586914,2.673341751098633
26,26,2.648810863494873,2.6488587856292725,2.69189190864563
27,27,2.674105644226074,2.6772818565368652,2.715172052383423
28,28,2.699167490005493,2.701169490814209,2.740096092224121
29,29,2.726314067840576,2.7253236770629883,2.7688698768615723
30,30,3.055778741836548,2.7250852584838867,2.797602653503418
31,31,3.249182939529419,2.7253332138061523,2.8218257427215576
32,32,3.4516873359680176,2.725344181060791,2.8409531116485596
33,33,3.611421823501587,2.725355625152588,2.8660237789154053
34,34,3.8108725547790527,2.7257728576660156,2.8862264156341553
35,35,3.9662842750549316,2.726276397705078,2.908479690551758
36,36,4.16500997543335,2.7267885208129883,2.918867588043213
37,37,4.396778583526611,2.726572275161743,2.930182456970215
38,38,4.681135654449463,2.7265820503234863,2.9371049404144287
39,39,4.9303107261657715,2.726592540740967,2.942793369293213
40,40,5.135311126708984,2.7266032695770264,2.9438858032226562
41,41,5.146315574645996,2.726613998413086,2.9486570358276367
42,42,5.259849548339844,2.7266249656677246,2.9499223232269287
43,43,5.244768142700195,2.7266359329223633,2.948080062866211
44,44,5.2740020751953125,2.726656675338745,2.9444780349731445
45,45,5.260258674621582,2.7266733646392822,2.941364049911499
46,46,5.261152267456055,2.7269129753112793,2.9419844150543213
47,47,5.256898880004883,2.727102279663086,2.9404633045196533
48,48,5.26213264465332,2.7271132469177246,2.937983512878418
49,49,5.257073879241943,2.7273671627044678,2.936058521270752
50,50,5.262017726898193,2.7273783683776855,2.93033504486084
51,51,5.265944957733154,2.727637529373169,2.9287121295928955
52,52,5.260701656341553,2.7276487350463867,2.927400827407837
53,53,5.270127773284912,2.7271664142608643,2.926330327987671
54,54,5.260501384735107,2.7271780967712402,2.9285526275634766
55,55,5.27191162109375,2.7269389629364014,2.9257824420928955
56,56,5.266160488128662,2.7267160415649414,2.924320697784424
57,57,5.2628350257873535,2.727301597595215,2.9215474128723145
58,58,5.264942169189453,2.7275619506835938,2.920260190963745
59,59,5.2614054679870605,2.7273237705230713,2.9207146167755127
60,60,5.257133483886719,2.7273356914520264,2.918938159942627
61,61,5.2634196281433105,2.7278287410736084,2.9173121452331543
62,62,5.267827987670898,2.7278406620025635,2.915915012359619
63,63,5.257979393005371,2.728269100189209,2.914767026901245
64,64,5.270203590393066,2.729193687438965,2.9135971069335938
65,65,5.260147571563721,2.7292003631591797,2.9106650352478027
66,66,5.2726616859436035,2.7294535636901855,2.9121851921081543
67,67,5.262166500091553,2.7298760414123535,2.911233901977539
68,68,5.272061347961426,2.7299065589904785,2.9097609519958496
69,69,5.2606682777404785,2.729682683944702,2.905545949935913
70,70,5.256669521331787,2.72969651222229,2.9028213024139404
71,71,5.257068157196045,2.7298803329467773,2.902097225189209
72,72,5.267119407653809,2.7296390533447266,2.8998818397521973
73,73,5.256978988647461,2.7296955585479736,2.8973920345306396
74,74,5.26819372177124,2.7294604778289795,2.8946571350097656
75,75,5.261568546295166,2.7297070026397705,2.8926689624786377
76,76,5.265531063079834,2.729736089706421,2.8907032012939453
77,77,5.262368679046631,2.7302374839782715,2.8882322311401367
78,78,5.272236347198486,2.730247974395752,2.887002944946289
79,79,5.263778209686279,2.7302584648132324,2.8850250244140625
80,80,5.267962455749512,2.7307610511779785,2.8852858543395996
81,81,5.257074356079102,2.73079252243042,2.8860530853271484
82,82,5.265544414520264,2.730314016342163,2.886808395385742
83,83,5.260868072509766,2.7305734157562256,2.886064291000366
84,84,5.262408256530762,2.7305846214294434,2.886807441711426
85,85,5.264229774475098,2.730990171432495,2.88630747795105
86,86,5.269707679748535,2.7309999465942383,2.8880531787872314
87,87,5.263775825500488,2.730771780014038,2.8888132572174072
88,88,5.269084453582764,2.7307820320129395,2.890068769454956
89,89,5.261159420013428,2.7307918071746826,2.8918263912200928
90,90,5.266582489013672,2.730567216873169,2.892587423324585
91,91,5.265979766845703,2.7309863567352295,2.8938324451446533
92,92,5.269651412963867,2.731475830078125,2.8935914039611816
93,93,5.261117935180664,2.7314846515655518,2.894087791442871
94,94,5.2681379318237305,2.731494188308716,2.8958382606506348
95,95,5.258790493011475,2.731503486633301,2.8963444232940674
96,96,5.2649383544921875,2.7315192222595215,2.897087335586548
97,97,5.2637457847595215,2.7315292358398438,2.897599458694458
98,98,5.270771503448486,2.7315430641174316,2.8988635540008545
99,99,5.264473915100098,2.731532335281372,2.8993914127349854
100,0,1.2136242389678955,1.242348551750183,1.659955382347107
101,1,2.1321234703063965,2.15336275100708,2.59480357170105
102,2,2.415431499481201,2.4214396476745605,2.8093011379241943
103,3,2.5026683807373047,2.482341766357422,2.768566131591797
104,4,2.489894390106201,2.4706778526306152,2.6968908309936523
105,5,2.4532182216644287,2.4434523582458496,2.618016242980957
106,6,2.396679162979126,2.4069738388061523,2.5559866428375244
107,7,2.3370089530944824,2.36543869972229,2.4828100204467773
108,8,2.27848744392395,2.330386161804199,2.4178881645202637
109,9,2.2285094261169434,2.293544054031372,2.365823268890381
110,10,2.2025821208953857,2.2736058235168457,2.3307766914367676
111,11,2.2034542560577393,2.268285036087036,2.3286428451538086
112,12,2.2258756160736084,2.2773969173431396,2.340474843978882
113,13,2.261420249938965,2.306777000427246,2.369800329208374
114,14,2.310131549835205,2.3407981395721436,2.4079995155334473
115,15,2.3640573024749756,2.389829158782959,2.457184314727783
116,16,2.427028179168701,2.449970245361328,2.516857862472534
117,17,2.4872710704803467,2.5081119537353516,2.5742623805999756
118,18,2.553520917892456,2.5662951469421387,2.6304280757904053
119,19,2.613428831100464,2.62134051322937,2.684641122817993
120,20,2.6742610931396484,2.6721293926239014,2.7379608154296875
121,21,2.7272768020629883,2.7208023071289062,2.7870707511901855
122,22,2.778067111968994,2.7712295055389404,2.8292994499206543
123,23,2.820500135421753,2.8095107078552246,2.871047258377075
124,24,2.8568484783172607,2.8460135459899902,2.9032363891601562
125,25,2.8789875507354736,2.8740577697753906,2.9282963275909424
126,26,2.9013466835021973,2.9032464027404785,2.950188159942627
127,27,2.918034076690674,2.9213998317718506,2.967484951019287
128,28,2.930953025817871,2.9398767948150635,2.982412815093994
129,29,2.9438393115997314,2.9531497955322266,2.9869797229766846
130,30,3.2879271507263184,2.9531619548797607,2.991088390350342
131,31,3.5651702880859375,2.9529330730438232,2.996946334838867
132,32,3.811671495437622,2.9529452323913574,2.998109817504883
133,33,4.101607799530029,2.952430486679077,2.9960386753082275
134,34,4.392013072967529,2.9524424076080322,2.9959473609924316
135,35,4.6672468185424805,2.952197790145874,2.9947431087493896
136,36,4.898463726043701,2.951942205429077,2.985466957092285
137,37,5.009078025817871,2.951192617416382,2.976827383041382
138,38,5.167088985443115,2.9509332180023193,2.9666707515716553
139,39,5.165063381195068,2.9500386714935303,2.95424222946167
140,40,5.3078718185424805,2.9500505924224854,2.9471118450164795
141,41,5.277423858642578,2.949805498123169,2.9364209175109863
142,42,5.294259071350098,2.9493088722229004,2.9250147342681885
143,43,5.279815196990967,2.9493486881256104,2.9186315536499023
144,44,5.279862403869629,2.9490952491760254,2.9164936542510986
145,45,5.286707878112793,2.9488656520843506,2.908625841140747
146,46,5.248930931091309,2.9483959674835205,2.90797758102417
147,47,5.2380547523498535,2.947467088699341,2.9080417156219482
148,48,5.231594562530518,2.9469714164733887,2.9071362018585205
149,49,5.237088203430176,2.9469823837280273,2.903294801712036
150,50,5.21378755569458,2.946729898452759,2.902400255203247
151,51,5.226387977600098,2.9467546939849854,2.9040117263793945
152,52,5.234930515289307,2.9465296268463135,2.902853488922119
153,53,5.225363731384277,2.9462971687316895,2.9041788578033447
154,54,5.238554000854492,2.9460487365722656,2.903470516204834
155,55,5.206048488616943,2.9453279972076416,2.90378475189209
156,56,5.221076965332031,2.945053815841675,2.9018502235412598
157,57,5.200991153717041,2.945042610168457,2.9016284942626953
158,58,5.218376636505127,2.944803476333618,2.8986504077911377
159,59,5.2195563316345215,2.9445526599884033,2.896925210952759
160,60,5.216634750366211,2.9445672035217285,2.8961992263793945
161,61,5.207520008087158,2.9446001052856445,2.8971967697143555
162,62,5.2265305519104,2.944092035293579,2.895963191986084
163,63,5.1997504234313965,2.944101572036743,2.8994503021240234
164,64,5.228739261627197,2.944110870361328,2.8997061252593994
165,65,5.206778049468994,2.943873643875122,2.901209592819214
166,66,5.211719512939453,2.9438726902008057,2.901224374771118
167,67,5.2090630531311035,2.9438815116882324,2.9022388458251953
168,68,5.218314170837402,2.9436211585998535,2.904010772705078
169,69,5.208191871643066,2.9434120655059814,2.9040138721466064
170,70,5.219852447509766,2.9434211254119873,2.905022621154785
171,71,5.206298351287842,2.943162679672241,2.904291868209839
172,72,5.2213053703308105,2.943171739578247,2.9045348167419434
173,73,5.209245204925537,2.942917585372925,2.9042932987213135
174,74,5.220457553863525,2.942405939102173,2.9042983055114746
175,75,5.2187180519104,2.9424149990081787,2.903285503387451
176,76,5.218919277191162,2.942167043685913,2.9060401916503906
177,77,5.215263366699219,2.9416403770446777,2.908287525177002
178,78,5.2192912101745605,2.941650629043579,2.908806562423706
179,79,5.210196495056152,2.9416604042053223,2.9103124141693115
180,80,5.21805477142334,2.9414095878601074,2.9108152389526367
181,81,5.214146614074707,2.941419839859009,2.911830425262451
182,82,5.217045783996582,2.941429615020752,2.9130988121032715
183,83,5.214577674865723,2.941439390182495,2.9130988121032715
184,84,5.219714164733887,2.940922498703003,2.914623737335205
185,85,5.211169242858887,2.940932035446167,2.915369749069214
186,86,5.218912124633789,2.9407074451446533,2.914860963821411
187,87,5.211366176605225,2.940715789794922,2.9158456325531006
188,88,5.221364498138428,2.9402384757995605,2.9155850410461426
189,89,5.204823970794678,2.9402482509613037,2.915825605392456
190,90,5.221658229827881,2.939997673034668,2.9148192405700684
191,91,5.202641487121582,2.9397871494293213,2.9148101806640625
192,92,5.222135066986084,2.9397966861724854,2.9150404930114746
193,93,5.205743789672852,2.9398062229156494,2.9150280952453613
194,94,5.218738079071045,2.939561605453491,2.9147496223449707
195,95,5.214854717254639,2.939575672149658,2.9134912490844727
196,96,5.2207841873168945,2.939584970474243,2.9127397537231445
197,97,5.215572357177734,2.9395945072174072,2.9122445583343506
198,98,5.219297885894775,2.939603567123413,2.911757469177246
199,99,5.2161946296691895,2.939612627029419,2.911529302597046
200,0,1.2184232473373413,1.21875,1.4552912712097168
201,1,2.1249094009399414,2.129375457763672,2.5644421577453613
202,2,2.5091888904571533,2.513890266418457,2.706273078918457
203,3,2.554879903793335,2.561345338821411,2.6987130641937256
204,4,2.5117011070251465,2.5201382637023926,2.63781476020813
205,5,2.453500747680664,2.4614052772521973,2.5675580501556396
206,6,2.408828020095825,2.4208216667175293,2.5414905548095703
207,7,2.4026906490325928,2.424921751022339,2.540393352508545
208,8,2.4102659225463867,2.430375337600708,2.5362489223480225
209,9,2.419614553451538,2.4258971214294434,2.523585557937622
210,10,2.430293321609497,2.424982786178589,2.504674196243286
211,11,2.4315671920776367,2.4166176319122314,2.4897332191467285
212,12,2.4344840049743652,2.415987730026245,2.481886625289917
213,13,2.4380507469177246,2.4242701530456543,2.477435827255249
214,14,2.4451003074645996,2.4310050010681152,2.4826347827911377
215,15,2.463616371154785,2.442209005355835,2.493513584136963
216,16,2.4886317253112793,2.4665181636810303,2.5144894123077393
217,17,2.511779308319092,2.492854118347168,2.549752950668335
218,18,2.541895866394043,2.5293257236480713,2.5854568481445312
219,19,2.5747146606445312,2.5688436031341553,2.626626968383789
220,20,2.6111345291137695,2.6116180419921875,2.6690049171447754
221,21,2.649256467819214,2.649768590927124,2.710165500640869
222,22,2.68556547164917,2.6871275901794434,2.757406234741211
223,23,2.719233512878418,2.729236364364624,2.798689603805542
224,24,2.7582523822784424,2.769321918487549,2.8448026180267334
225,25,2.796799421310425,2.8115036487579346,2.881544828414917
226,26,2.824782609939575,2.847599983215332,2.9147636890411377
227,27,2.8555030822753906,2.8790764808654785,2.94400691986084
228,28,2.878100633621216,2.9073987007141113,2.9620280265808105
229,29,2.895982265472412,2.9281296730041504,2.977952480316162
230,30,3.2042596340179443,2.928149461746216,2.996682643890381
231,31,3.4584171772003174,2.9284019470214844,3.007862091064453
232,32,3.676363229751587,2.9286868572235107,3.016829013824463
233,33,3.900712013244629,2.9284420013427734,3.023163080215454
234,34,4.105144500732422,2.928457736968994,3.0250818729400635
235,35,4.317469596862793,2.9285178184509277,3.0257296562194824
236,36,4.554269313812256,2.9282758235931396,3.024824619293213
237,37,4.7346954345703125,2.928034782409668,3.0262057781219482
238,38,4.839941501617432,2.9277913570404053,3.0238988399505615
239,39,4.932127952575684,2.927806854248047,3.0200061798095703
240,40,4.95348596572876,2.928067445755005,3.0166401863098145
241,41,5.114960670471191,2.9283292293548584,3.0085201263427734
242,42,4.961480140686035,2.9280951023101807,3.000230073928833
243,43,5.103560447692871,2.9283478260040283,2.992245674133301
244,44,5.014242649078369,2.9281160831451416,2.9833366870880127
245,45,5.095600605010986,2.928372621536255,2.974773645401001
246,46,4.993862628936768,2.9283881187438965,2.9627299308776855
247,47,5.08558988571167,2.928145408630371,2.955447196960449
248,48,5.016815185546875,2.9281606674194336,2.9466121196746826
249,49,5.049152374267578,2.9279117584228516,2.939438581466675
250,50,5.019769191741943,2.9279372692108154,2.9329586029052734
251,51,5.083134651184082,2.928427219390869,2.9236414432525635
252,52,4.988864898681641,2.928694009780884,2.9148764610290527
253,53,5.094731330871582,2.928708553314209,2.9102060794830322
254,54,4.968520164489746,2.9284613132476807,2.9090652465820312
255,55,5.085387229919434,2.9287219047546387,2.9079689979553223
256,56,5.033769607543945,2.9287354946136475,2.908426284790039
257,57,5.046022415161133,2.9290010929107666,2.908189296722412
258,58,5.007665634155273,2.928992986679077,2.9076826572418213
259,59,5.06678581237793,2.9282448291778564,2.9110846519470215
260,60,5.002163887023926,2.92801833152771,2.9122233390808105
261,61,5.074687480926514,2.9280316829681396,2.9130990505218506
262,62,4.919338226318359,2.9283206462860107,2.915421485900879
263,63,5.090517044067383,2.9283342361450195,2.916740894317627
264,64,5.060583114624023,2.9287612438201904,2.919302463531494
265,65,5.058998107910156,2.928274154663086,2.919116973876953
266,66,5.039420127868652,2.9280993938446045,2.9186599254608154
267,67,5.082643032073975,2.9281115531921387,2.9171881675720215
268,68,4.985280990600586,2.92812442779541,2.9172234535217285
269,69,5.067912578582764,2.9281365871429443,2.916759967803955
270,70,5.057857513427734,2.928431272506714,2.915029525756836
271,71,5.069828033447266,2.928213357925415,2.9152724742889404
272,72,5.060187339782715,2.9282257556915283,2.9152650833129883
273,73,5.07120943069458,2.9280312061309814,2.914257764816284
274,74,5.067750453948975,2.9280433654785156,2.914515495300293
275,75,5.036993980407715,2.9278013706207275,2.916776418685913
276,76,5.070361614227295,2.92781400680542,2.9170596599578857
277,77,5.008925914764404,2.9278218746185303,2.9178380966186523
278,78,5.083011627197266,2.927830934524536,2.919154644012451
279,79,5.0072340965271,2.9278573989868164,2.9196884632110596
280,80,5.080221176147461,2.9278697967529297,2.921722888946533
281,81,5.002326488494873,2.9276211261749268,2.924492120742798
282,82,5.081810474395752,2.92763352394104,2.924014091491699
283,83,5.0196332931518555,2.927384614944458,2.9255197048187256
284,84,5.073451519012451,2.927396774291992,2.925501823425293
285,85,5.040196895599365,2.9274089336395264,2.925238609313965
286,86,5.072145938873291,2.9276623725891113,2.925459623336792
287,87,5.047528266906738,2.9276745319366455,2.9261746406555176
288,88,5.066921234130859,2.9272050857543945,2.9263992309570312
289,89,5.041752338409424,2.9269542694091797,2.9266433715820312
290,90,5.072971820831299,2.9269659519195557,2.926898956298828
291,91,5.021650791168213,2.926692485809326,2.9256515502929688
292,92,5.0885515213012695,2.926704168319702,2.9244015216827393
293,93,4.988541603088379,2.9267194271087646,2.9241678714752197
294,94,5.074375629425049,2.9267308712005615,2.9229133129119873
295,95,5.037777900695801,2.9264752864837646,2.923405170440674
296,96,5.070228099822998,2.9264867305755615,2.9228992462158203
297,97,5.049793720245361,2.926504373550415,2.922628402709961
298,98,5.069173336029053,2.926516056060791,2.920841693878174
299,99,5.0414228439331055,2.9265270233154297,2.9208168983459473
300,0,1.0402876138687134,1.0382386445999146,1.3694034814834595
301,1,1.9557735919952393,1.954148769378662,2.4663026332855225
302,2,2.439817428588867,2.432337522506714,2.638528823852539
303,3,2.550585985183716,2.548053741455078,2.6725003719329834
304,4,2.552210807800293,2.5570385456085205,2.6508893966674805
305,5,2.501620292663574,2.5145320892333984,2.5889248847961426
306,6,2.434126138687134,2.4581398963928223,2.5251760482788086
307,7,2.386296033859253,2.4062583446502686,2.474531888961792
308,8,2.3664281368255615,2.383234739303589,2.4884800910949707
309,9,2.3928024768829346,2.404266834259033,2.4936487674713135
310,10,2.396210193634033,2.4136710166931152,2.5003597736358643
311,11,2.402367115020752,2.4208338260650635,2.500457763671875
312,12,2.41192364692688,2.430227279663086,2.501328468322754
313,13,2.427938938140869,2.435797929763794,2.5038135051727295
314,14,2.4415957927703857,2.444781541824341,2.505141258239746
315,15,2.4581382274627686,2.451155424118042,2.515380620956421
316,16,2.4777209758758545,2.4663736820220947,2.5279641151428223
317,17,2.500150203704834,2.48258638381958,2.5504064559936523
318,18,2.5361502170562744,2.5064237117767334,2.578594923019409
319,19,2.5694150924682617,2.5461513996124268,2.6104304790496826
320,20,2.6091086864471436,2.585240125656128,2.6441855430603027
321,21,2.642517328262329,2.622439384460449,2.6805787086486816
322,22,2.6857948303222656,2.664250612258911,2.719456911087036
323,23,2.723581075668335,2.702450752258301,2.7608909606933594
324,24,2.766763210296631,2.7421822547912598,2.7981746196746826
325,25,2.8015570640563965,2.7844808101654053,2.836360454559326
326,26,2.8369264602661133,2.8124921321868896,2.8651154041290283
327,27,2.8659768104553223,2.8402793407440186,2.8948514461517334
328,28,2.891968011856079,2.862783193588257,2.9191551208496094
329,29,2.9133830070495605,2.8803904056549072,2.9374969005584717
330,30,3.1530277729034424,2.880152702331543,2.952300548553467
331,31,3.3903257846832275,2.880185842514038,2.9693799018859863
332,32,3.5203354358673096,2.8801958560943604,2.9799129962921143
333,33,3.691904306411743,2.879953384399414,2.985374689102173
334,34,3.9031600952148438,2.8797030448913574,2.9890260696411133
335,35,4.13700532913208,2.87945818901062,2.9898428916931152
336,36,4.387576103210449,2.8794443607330322,2.9911839962005615
337,37,4.587848663330078,2.8794541358947754,2.9888174533843994
338,38,4.769762992858887,2.8794636726379395,2.985642671585083
339,39,4.964559078216553,2.8794729709625244,2.9849789142608643
340,40,5.121663570404053,2.8794822692871094,2.9781813621520996
341,41,5.198820114135742,2.8792405128479004,2.9747934341430664
342,42,5.169885158538818,2.8790030479431152,2.9730944633483887
343,43,5.2511820793151855,2.8789913654327393,2.9696342945098877
344,44,5.180506706237793,2.878760576248169,2.964905261993408
345,45,5.218502044677734,2.8790125846862793,2.962496519088745
346,46,5.207670211791992,2.879021167755127,2.9601399898529053
347,47,5.16552209854126,2.8790295124053955,2.9575557708740234
348,48,5.221543788909912,2.8790953159332275,2.954909086227417
349,49,5.168324947357178,2.879103899002075,2.9489402770996094
350,50,5.238335609436035,2.8789241313934326,2.941196918487549
351,51,5.17805814743042,2.878674030303955,2.9389395713806152
352,52,5.211728572845459,2.878696918487549,2.9329347610473633
353,53,5.208445072174072,2.878955364227295,2.9311492443084717
354,54,5.227075099945068,2.8792428970336914,2.9273953437805176
355,55,5.176825046539307,2.8795013427734375,2.923121452331543
356,56,5.2322211265563965,2.8787598609924316,2.9166009426116943
357,57,5.186396598815918,2.8787689208984375,2.9140889644622803
358,58,5.223416328430176,2.8792736530303955,2.9081125259399414
359,59,5.188321113586426,2.8792824745178223,2.906128406524658
360,60,5.214207649230957,2.8790225982666016,2.9036519527435303
361,61,5.180418014526367,2.878779411315918,2.9001882076263428
362,62,5.208985805511475,2.8787879943847656,2.8982372283935547
363,63,5.205759048461914,2.878796339035034,2.8967854976654053
364,64,5.206125259399414,2.878546953201294,2.894591808319092
365,65,5.200616359710693,2.8782970905303955,2.8958778381347656
366,66,5.202242851257324,2.878305435180664,2.8941781520843506
367,67,5.207214832305908,2.878587007522583,2.8972535133361816
368,68,5.188235759735107,2.8783435821533203,2.8991003036499023
369,69,5.215739727020264,2.8783516883850098,2.901646614074707
370,70,5.144408702850342,2.8783600330352783,2.904172897338867
371,71,5.215178966522217,2.878605842590332,2.9076993465423584
372,72,5.1841840744018555,2.8786139488220215,2.912961721420288
373,73,5.206249713897705,2.878370523452759,2.916948080062866
374,74,5.1920270919799805,2.8783788681030273,2.9216957092285156
375,75,5.223908424377441,2.8781371116638184,2.924171209335327
376,76,5.147000789642334,2.8784234523773193,2.9291539192199707
377,77,5.2092366218566895,2.8784310817718506,2.9316604137420654
378,78,5.206286907196045,2.878439426422119,2.932924509048462
379,79,5.192379474639893,2.878488540649414,2.9334700107574463
380,80,5.212282657623291,2.8784968852996826,2.935250997543335
381,81,5.175238132476807,2.878504514694214,2.936063766479492
382,82,5.213862419128418,2.878512382507324,2.9346299171447754
383,83,5.167230129241943,2.878521680831909,2.933699607849121
384,84,5.217648983001709,2.87853741645813,2.932501792907715
385,85,5.177018642425537,2.8785455226898193,2.9328060150146484
386,86,5.212484359741211,2.8785593509674072,2.93135666847229
387,87,5.193020820617676,2.878803014755249,2.9321513175964355
388,88,5.211249828338623,2.878810405731201,2.931645154953003
389,89,5.173259258270264,2.878830909729004,2.9318971633911133
390,90,5.212584972381592,2.8788387775421143,2.9326305389404297
391,91,5.194332599639893,2.8788580894470215,2.9323296546936035
392,92,5.199947834014893,2.878610849380493,2.933011531829834
393,93,5.194396018981934,2.8783750534057617,2.933204174041748
394,94,5.209056854248047,2.8783936500549316,2.9343793392181396
395,95,5.180918216705322,2.878401041030884,2.9342894554138184
396,96,5.221295356750488,2.878408432006836,2.9334776401519775
397,97,5.186189651489258,2.8781561851501465,2.934166431427002
398,98,5.2112531661987305,2.8781635761260986,2.934126377105713
399,99,5.202261924743652,2.877918004989624,2.9338607788085938
400,0,1.2241730690002441,1.2249163389205933,1.8791874647140503
401,1,2.21366286277771,2.217656373977661,2.6173338890075684
402,2,2.4886672496795654,2.495711326599121,2.6462366580963135
403,3,2.4917101860046387,2.5002686977386475,2.5929629802703857
404,4,2.4338159561157227,2.444176435470581,2.50553297996521
405,5,2.3877806663513184,2.394289016723633,2.444348096847534
406,6,2.3432109355926514,2.358508825302124,2.4100115299224854
407,7,2.326404571533203,2.3459177017211914,2.4023663997650146
408,8,2.346390724182129,2.3590407371520996,2.4449703693389893
409,9,2.392991065979004,2.398019552230835,2.483905792236328
410,10,2.4264369010925293,2.4338953495025635,2.5143752098083496
411,11,2.4569547176361084,2.463242530822754,2.532083034515381
412,12,2.4701809883117676,2.4773595333099365,2.5430784225463867
413,13,2.477522134780884,2.4885969161987305,2.5534093379974365
414,14,2.489027738571167,2.4945077896118164,2.5571181774139404
415,15,2.4969375133514404,2.4994308948516846,2.5627129077911377
416,16,2.5091488361358643,2.508169412612915,2.573178768157959
417,17,2.523630142211914,2.524186611175537,2.588078737258911
418,18,2.541977643966675,2.537489891052246,2.602369546890259
419,19,2.564866542816162,2.5597479343414307,2.6202855110168457
420,20,2.590299606323242,2.587510347366333,2.6433558464050293
421,21,2.6185057163238525,2.6148135662078857,2.6671416759490967
422,22,2.645569086074829,2.643322229385376,2.6866917610168457
423,23,2.675320625305176,2.670015573501587,2.714945077896118
424,24,2.7014524936676025,2.702376127243042,2.758112907409668
425,25,2.7331929206848145,2.741156578063965,2.7910208702087402
426,26,2.7669358253479004,2.7749404907226562,2.8288064002990723
427,27,2.8001139163970947,2.8070037364959717,2.8605706691741943
428,28,2.8317883014678955,2.837367057800293,2.886962413787842
429,29,2.8567702770233154,2.8611254692077637,2.913320302963257
430,30,3.19342303276062,2.860881805419922,2.933300018310547
431,31,3.4683146476745605,2.8608829975128174,2.953925609588623
432,32,3.7015509605407715,2.8608999252319336,2.9691267013549805
433,33,4.029190540313721,2.8606441020965576,2.9774162769317627
434,34,4.370083808898926,2.860624313354492,2.986300468444824
435,35,4.655618190765381,2.8608741760253906,2.991351366043091
436,36,4.913312911987305,2.860874652862549,2.9969730377197266
437,37,4.833480358123779,2.860874891281128,2.9977240562438965
438,38,5.148536205291748,2.8606245517730713,2.999060869216919
439,39,5.235959053039551,2.8606057167053223,2.9961421489715576
440,40,5.2658305168151855,2.860572099685669,2.9932215213775635
441,41,5.2737226486206055,2.8603217601776123,2.9890966415405273
442,42,5.261463165283203,2.860071897506714,2.984175205230713
443,43,5.274702072143555,2.859823226928711,2.977428674697876
444,44,5.263483047485352,2.860079526901245,2.966911792755127
445,45,5.278469562530518,2.860079526901245,2.9554800987243652
446,46,5.257634162902832,2.8600800037384033,2.950517416000366
447,47,5.26298713684082,2.8603298664093018,2.9426236152648926
448,48,5.256842136383057,2.860330104827881,2.937574625015259
449,49,5.270946502685547,2.860330104827881,2.9352006912231445
450,50,5.252914905548096,2.86033034324646,2.931605339050293
451,51,5.2704758644104,2.8600826263427734,2.924152374267578
452,52,5.2528977394104,2.8600828647613525,2.9201409816741943
453,53,5.2627763748168945,2.8600833415985107,2.9156343936920166
454,54,5.264196872711182,2.8605775833129883,2.913571357727051
455,55,5.256518840789795,2.8610830307006836,2.9092485904693604
456,56,5.274128437042236,2.8610761165618896,2.906632661819458
457,57,5.261416912078857,2.8613858222961426,2.9052257537841797
458,58,5.260095119476318,2.86138653755188,2.903010368347168
459,59,5.254016876220703,2.86143159866333,2.9008185863494873
460,60,5.270352840423584,2.8614330291748047,2.8978424072265625
461,61,5.257070541381836,2.8611910343170166,2.895339250564575
462,62,5.272080421447754,2.861440658569336,2.895578145980835
463,63,5.258360862731934,2.8611834049224854,2.893326997756958
464,64,5.260676383972168,2.861185312271118,2.893080472946167
465,65,5.259766101837158,2.861187219619751,2.8915774822235107
466,66,5.263701438903809,2.8609447479248047,2.8913426399230957
467,67,5.25418758392334,2.8606956005096436,2.890395164489746
468,68,5.271238803863525,2.8606977462768555,2.8899106979370117
469,69,5.255618572235107,2.8606996536254883,2.8899316787719727
470,70,5.272830963134766,2.860701560974121,2.8904659748077393
471,71,5.261321544647217,2.8609566688537598,2.8892478942871094
472,72,5.262886047363281,2.8609585762023926,2.8902740478515625
473,73,5.258834362030029,2.8607091903686523,2.892530918121338
474,74,5.266500473022461,2.8607053756713867,2.893784761428833
475,75,5.251805782318115,2.8607072830200195,2.8942666053771973
476,76,5.2580037117004395,2.860450506210327,2.893747091293335
477,77,5.2579169273376465,2.860452890396118,2.8949873447418213
478,78,5.26552152633667,2.86045503616333,2.896198034286499
479,79,5.24808406829834,2.86021089553833,2.895911931991577
480,80,5.253495216369629,2.8604607582092285,2.898130416870117
481,81,5.2520527839660645,2.860227584838867,2.899343967437744
482,82,5.255757808685303,2.8604936599731445,2.9010448455810547
483,83,5.248337745666504,2.860520124435425,2.900981903076172
484,84,5.262323379516602,2.8605594635009766,2.9024553298950195
485,85,5.247824668884277,2.8603038787841797,2.9016590118408203
486,86,5.258820056915283,2.8603103160858154,2.9019081592559814
487,87,5.254624843597412,2.8603131771087646,2.9036641120910645
488,88,5.254509449005127,2.8608171939849854,2.9036827087402344
489,89,5.247945308685303,2.8603553771972656,2.9037017822265625
490,90,5.255982875823975,2.860085964202881,2.9042234420776367
491,91,5.2465996742248535,2.859830856323242,2.904730796813965
492,92,5.252391815185547,2.859832286834717,2.904207706451416
493,93,5.25155782699585,2.859835147857666,2.9054648876190186
494,94,5.250479221343994,2.860097646713257,2.905212879180908
495,95,5.249230861663818,2.8603532314300537,2.9049503803253174
496,96,5.255616188049316,2.8603432178497314,2.9047210216522217
497,97,5.249929904937744,2.8603463172912598,2.9062256813049316
498,98,5.252604007720947,2.8605945110321045,2.9069836139678955
499,99,5.253190517425537,2.8605971336364746,2.9069807529449463
500,0,1.2276123762130737,1.2263612747192383,1.8847591876983643
501,1,2.275582790374756,2.276787757873535,2.672633171081543
502,2,2.5364766120910645,2.5392608642578125,2.7175276279449463
503,3,2.553518772125244,2.55157208442688,2.675865888595581
504,4,2.498382329940796,2.5007550716400146,2.613569498062134
505,5,2.4211342334747314,2.4321436882019043,2.5426394939422607
506,6,2.360050678253174,2.379585027694702,2.4859323501586914
507,7,2.335352659225464,2.3573038578033447,2.454517126083374
508,8,2.3238987922668457,2.3519623279571533,2.4463508129119873
509,9,2.3341054916381836,2.3530068397521973,2.4348886013031006
510,10,2.34535813331604,2.3562045097351074,2.429590940475464
511,11,2.3592588901519775,2.357966184616089,2.4317433834075928
512,12,2.370067834854126,2.361442804336548,2.4308018684387207
513,13,2.3828818798065186,2.3769490718841553,2.440382242202759
514,14,2.394221305847168,2.387775182723999,2.4517340660095215
515,15,2.4128258228302,2.4063589572906494,2.4626834392547607
516,16,2.4316322803497314,2.4309959411621094,2.47883677482605
517,17,2.455699920654297,2.457559585571289,2.5063703060150146
518,18,2.483067035675049,2.4918406009674072,2.5381157398223877
519,19,2.514368772506714,2.5289101600646973,2.5689122676849365
520,20,2.54349422454834,2.5685064792633057,2.6066527366638184
521,21,2.5738275051116943,2.605144500732422,2.6454148292541504
522,22,2.602123737335205,2.6367526054382324,2.677474021911621
523,23,2.6337170600891113,2.6675570011138916,2.7132251262664795
524,24,2.6648385524749756,2.698416233062744,2.751647472381592
525,25,2.6926276683807373,2.7311692237854004,2.7947611808776855
526,26,2.7252914905548096,2.76562237739563,2.82828950881958
527,27,2.7530901432037354,2.796461582183838,2.8552119731903076
528,28,2.7791717052459717,2.8187685012817383,2.878645896911621
529,29,2.806917190551758,2.841188907623291,2.901836633682251
530,30,3.1577115058898926,2.8413424491882324,2.920990467071533
531,31,3.3765218257904053,2.8413476943969727,2.936504364013672
532,32,3.5584053993225098,2.841355323791504,2.9444668292999268
533,33,3.7728803157806396,2.8411130905151367,2.9567883014678955
534,34,3.9362685680389404,2.8408713340759277,2.9649055004119873
535,35,4.09519624710083,2.840629816055298,2.972795009613037
536,36,4.2353410720825195,2.840125799179077,2.9763805866241455
537,37,4.358496189117432,2.840376853942871,2.9794628620147705
538,38,4.527990341186523,2.840592622756958,2.982271432876587
539,39,4.75954532623291,2.840090274810791,2.982478141784668
540,40,4.917243480682373,2.8396944999694824,2.9810409545898438
541,41,5.120554447174072,2.839949131011963,2.9813668727874756
542,42,5.176523208618164,2.8394827842712402,2.9833502769470215
543,43,5.226003170013428,2.8394901752471924,2.9825820922851562
544,44,5.062701225280762,2.8394970893859863,2.9751780033111572
545,45,5.129825592041016,2.8395047187805176,2.9709901809692383
546,46,5.20836067199707,2.8395514488220215,2.9688384532928467
547,47,5.2409820556640625,2.8398120403289795,2.9626305103302
548,48,5.173638820648193,2.8398194313049316,2.9581851959228516
549,49,5.243363380432129,2.8393964767456055,2.951076030731201
550,50,5.174792289733887,2.8396475315093994,2.9457128047943115
551,51,5.245681285858154,2.839850902557373,2.9445576667785645
552,52,5.199095726013184,2.839920997619629,2.937690258026123
553,53,5.2226643562316895,2.8405814170837402,2.9335505962371826
554,54,5.194333553314209,2.840830087661743,2.931668281555176
555,55,5.234280109405518,2.840587854385376,2.926236152648926
556,56,5.141946792602539,2.8406336307525635,2.923760175704956
557,57,5.21557092666626,2.8409202098846436,2.9205329418182373
558,58,5.211223125457764,2.8409266471862793,2.9195332527160645
559,59,5.215624809265137,2.8411717414855957,2.9157819747924805
560,60,5.213615417480469,2.8411781787872314,2.91457462310791
561,61,5.21018123626709,2.841435432434082,2.9123499393463135
562,62,5.229454517364502,2.8414416313171387,2.9113359451293945
563,63,5.159634113311768,2.841655731201172,2.9091262817382812
564,64,5.211799144744873,2.8416621685028076,2.907891273498535
565,65,5.206523895263672,2.8418524265289307,2.905935287475586
566,66,5.2135910987854,2.842109203338623,2.9054455757141113
567,67,5.221712589263916,2.841858386993408,2.902733564376831
568,68,5.174281120300293,2.8423714637756348,2.9027483463287354
569,69,5.210112571716309,2.842618465423584,2.901283025741577
570,70,5.20195198059082,2.8426244258880615,2.9008002281188965
571,71,5.20826530456543,2.842374801635742,2.9005775451660156
572,72,5.208263874053955,2.8426313400268555,2.9020960330963135
573,73,5.200493335723877,2.842463254928589,2.9038617610931396
574,74,5.218100547790527,2.842735528945923,2.906635284423828
575,75,5.155200481414795,2.8424909114837646,2.907634735107422
576,76,5.222185134887695,2.842495918273926,2.9083847999572754
577,77,5.183546543121338,2.842500925064087,2.9096579551696777
578,78,5.214431285858154,2.842505693435669,2.909942388534546
579,79,5.1875176429748535,2.8427631855010986,2.9104673862457275
580,80,5.216519355773926,2.842525005340576,2.91121506690979
581,81,5.184270858764648,2.8422741889953613,2.911983013153076
582,82,5.214179515838623,2.8423025608062744,2.9109573364257812
583,83,5.187906265258789,2.8423073291778564,2.9114181995391846
584,84,5.217139720916748,2.8420515060424805,2.9108636379241943
585,85,5.19199275970459,2.8415355682373047,2.9095919132232666
586,86,5.212902545928955,2.841290235519409,2.9095795154571533
587,87,5.192848205566406,2.8412957191467285,2.9088242053985596
588,88,5.211123943328857,2.8413162231445312,2.9095897674560547
589,89,5.187716960906982,2.8413209915161133,2.911355495452881
590,90,5.214134693145752,2.8413262367248535,2.9111433029174805
591,91,5.19205379486084,2.8410818576812744,2.9121479988098145
592,92,5.2096028327941895,2.840834617614746,2.912140130996704
593,93,5.19547700881958,2.8405888080596924,2.911895751953125
594,94,5.209220886230469,2.8405935764312744,2.91288423538208
595,95,5.196689128875732,2.8405988216400146,2.912389039993286
596,96,5.209209442138672,2.840603828430176,2.913407802581787
597,97,5.1938700675964355,2.8403873443603516,2.912672281265259
598,98,5.213095664978027,2.8403873443603516,2.9119150638580322
599,99,5.185858249664307,2.8403916358947754,2.9126551151275635
600,0,1.2613564729690552,1.2588015794754028,1.6851718425750732
601,1,2.1742184162139893,2.181746244430542,2.7690794467926025
602,2,2.4752156734466553,2.4801201820373535,2.8262808322906494
603,3,2.491001844406128,2.498575210571289,2.7334978580474854
604,4,2.4620015621185303,2.4820168018341064,2.653477191925049
605,5,2.4257307052612305,2.4574198722839355,2.589271068572998
606,6,2.399381160736084,2.440915584564209,2.548271417617798
607,7,2.383387327194214,2.4217031002044678,2.506787061691284
608,8,2.3689658641815186,2.4068431854248047,2.4794516563415527
609,9,2.3611109256744385,2.3942830562591553,2.448852777481079
610,10,2.3547441959381104,2.3829710483551025,2.4349684715270996
611,11,2.3442862033843994,2.371636152267456,2.420356035232544
612,12,2.331207752227783,2.3625760078430176,2.4094367027282715
613,13,2.3289968967437744,2.360224962234497,2.407019853591919
614,14,2.3406105041503906,2.3735334873199463,2.420719861984253
615,15,2.353924512863159,2.3959736824035645,2.4437289237976074
616,16,2.3775522708892822,2.429074287414551,2.4814748764038086
617,17,2.414346933364868,2.4652445316314697,2.5214953422546387
618,18,2.4544646739959717,2.5121707916259766,2.5687549114227295
619,19,2.500351667404175,2.566500425338745,2.6198527812957764
620,20,2.5471909046173096,2.6115968227386475,2.6749279499053955
621,21,2.601754665374756,2.656749963760376,2.7211334705352783
622,22,2.6495015621185303,2.7019951343536377,2.7698068618774414
623,23,2.696640729904175,2.7423808574676514,2.814657688140869
624,24,2.7430598735809326,2.785445213317871,2.8564693927764893
625,25,2.786953926086426,2.8209221363067627,2.898247241973877
626,26,2.8257129192352295,2.850996732711792,2.9300944805145264
627,27,2.8649418354034424,2.88340425491333,2.9534549713134766
628,28,2.896017551422119,2.906623125076294,2.9760568141937256
629,29,2.921144962310791,2.92462420463562,2.9879143238067627
630,30,3.2423579692840576,2.9246561527252197,2.997347831726074
631,31,3.479254961013794,2.923661708831787,3.0029351711273193
632,32,3.6267616748809814,2.9234256744384766,3.003872871398926
633,33,3.7909584045410156,2.923191547393799,3.0002660751342773
634,34,4.037444114685059,2.9219424724578857,3.0006871223449707
635,35,4.333905220031738,2.921966791152954,2.9921250343322754
636,36,4.628211975097656,2.9212265014648438,2.9863312244415283
637,37,4.88788366317749,2.9212474822998047,2.9790258407592773
638,38,5.107941627502441,2.9210097789764404,2.9719369411468506
639,39,5.190596580505371,2.9207701683044434,2.9661402702331543
640,40,5.281217098236084,2.920530319213867,2.957906484603882
641,41,5.276680946350098,2.920290946960449,2.951524019241333
642,42,5.3061137199401855,2.9200472831726074,2.9449141025543213
643,43,5.30023193359375,2.919009208679199,2.9377517700195312
644,44,5.300617694854736,2.9187769889831543,2.9308667182922363
645,45,5.303560733795166,2.918792247772217,2.925037384033203
646,46,5.294776439666748,2.918807029724121,2.9195175170898438
647,47,5.295751571655273,2.918301582336426,2.9156994819641113
648,48,5.295329570770264,2.9180703163146973,2.911440849304199
649,49,5.294862270355225,2.917391061782837,2.9099109172821045
650,50,5.285433292388916,2.9171643257141113,2.9066503047943115
651,51,5.292226314544678,2.9171791076660156,2.9029407501220703
652,52,5.280752182006836,2.9171934127807617,2.90240740776062
653,53,5.286428928375244,2.9169692993164062,2.8995635509490967
654,54,5.273416519165039,2.9164814949035645,2.895742416381836
655,55,5.282179355621338,2.9164958000183105,2.8964202404022217
656,56,5.273278713226318,2.9157605171203613,2.8985238075256348
657,57,5.275051593780518,2.9153060913085938,2.89788818359375
658,58,5.27030086517334,2.914837121963501,2.896733045578003
659,59,5.278328895568848,2.9148507118225098,2.899294137954712
660,60,5.274805068969727,2.9145987033843994,2.90008282661438
661,61,5.279190540313721,2.913367986679077,2.900573968887329
662,62,5.269894599914551,2.9133808612823486,2.9015650749206543
663,63,5.277896881103516,2.9128804206848145,2.902277708053589
664,64,5.277451515197754,2.91188383102417,2.9032697677612305
665,65,5.2805609703063965,2.9109320640563965,2.9052698612213135
666,66,5.277163028717041,2.910698652267456,2.9052698612213135
667,67,5.27598237991333,2.910212755203247,2.9060678482055664
668,68,5.2763471603393555,2.90980863571167,2.906374216079712
669,69,5.277968883514404,2.90956974029541,2.9064605236053467
670,70,5.280096530914307,2.90908145904541,2.9070301055908203
671,71,5.280744552612305,2.9075562953948975,2.9063494205474854
672,72,5.278679847717285,2.907322645187378,2.9066619873046875
673,73,5.282047271728516,2.9069113731384277,2.9041998386383057
674,74,5.27592134475708,2.9064218997955322,2.903719663619995
675,75,5.281106948852539,2.9061779975891113,2.9054691791534424
676,76,5.277347564697266,2.9059066772460938,2.904959201812744
677,77,5.279787540435791,2.9056646823883057,2.9056904315948486
678,78,5.277174949645996,2.905679225921631,2.9041662216186523
679,79,5.281103610992432,2.9054388999938965,2.9038796424865723
680,80,5.280004501342773,2.9049389362335205,2.904350757598877
681,81,5.275660037994385,2.90494966506958,2.904343605041504
682,82,5.278397560119629,2.9047043323516846,2.905623435974121
683,83,5.277907848358154,2.904658555984497,2.9056482315063477
684,84,5.278165340423584,2.904186248779297,2.9071860313415527
685,85,5.277096748352051,2.9041967391967773,2.908477544784546
686,86,5.276985168457031,2.9042181968688965,2.9090194702148438
687,87,5.2783203125,2.903730869293213,2.9120609760284424
688,88,5.278103828430176,2.903236150741577,2.9123480319976807
689,89,5.280385971069336,2.9029979705810547,2.914112091064453
690,90,5.277926445007324,2.903007745742798,2.9161393642425537
691,91,5.28068208694458,2.902517795562744,2.9156594276428223
692,92,5.279049396514893,2.902527332305908,2.915670871734619
693,93,5.279176712036133,2.902254343032837,2.9144139289855957
694,94,5.277182579040527,2.902263879776001,2.914891004562378
695,95,5.278557300567627,2.902272939682007,2.914381265640259
696,96,5.278189659118652,2.901813268661499,2.913376808166504
697,97,5.278087139129639,2.9015650749206543,2.9133713245391846
698,98,5.277256965637207,2.9015796184539795,2.9126124382019043
699,99,5.279316425323486,2.900822877883911,2.9128501415252686
700,0,0.9510775208473206,0.9205630421638489,1.124933123588562
701,1,1.9533302783966064,1.9350026845932007,2.529266119003296
702,2,2.472578763961792,2.4690961837768555,2.7042577266693115
703,3,2.5510311126708984,2.5502123832702637,2.700439691543579
704,4,2.5272223949432373,2.5346434116363525,2.6385385990142822
705,5,2.463399887084961,2.479781150817871,2.571499824523926
706,6,2.397648334503174,2.410540819168091,2.4909229278564453
707,7,2.3503146171569824,2.360417127609253,2.442054510116577
708,8,2.324805736541748,2.337773323059082,2.438497304916382
709,9,2.3288254737854004,2.339536428451538,2.462402582168579
710,10,2.3599953651428223,2.368178129196167,2.4881205558776855
711,11,2.3916921615600586,2.3988420963287354,2.5026814937591553
712,12,2.4150543212890625,2.4263033866882324,2.5128471851348877
713,13,2.4319405555725098,2.4419174194335938,2.521052360534668
714,14,2.4474596977233887,2.4499480724334717,2.5233681201934814
715,15,2.455629825592041,2.463305711746216,2.5294206142425537
716,16,2.4665987491607666,2.4778947830200195,2.5332179069519043
717,17,2.4795615673065186,2.485245704650879,2.5395262241363525
718,18,2.491368293762207,2.4977588653564453,2.5513529777526855
719,19,2.5070009231567383,2.510870933532715,2.5758187770843506
720,20,2.5277037620544434,2.5365803241729736,2.602539300918579
721,21,2.5481908321380615,2.5638203620910645,2.6318812370300293
722,22,2.5768418312072754,2.5913591384887695,2.6665127277374268
723,23,2.608944892883301,2.6263620853424072,2.7057132720947266
724,24,2.647663116455078,2.659311532974243,2.746063232421875
725,25,2.683664083480835,2.7004034519195557,2.7808566093444824
726,26,2.7183969020843506,2.735217571258545,2.8131957054138184
727,27,2.7520220279693604,2.774470090866089,2.8498971462249756
728,28,2.7902114391326904,2.804807662963867,2.8771142959594727
729,29,2.820814371109009,2.837080478668213,2.9050936698913574
730,30,3.169105291366577,2.8370871543884277,2.9302666187286377
731,31,3.4042773246765137,2.8370935916900635,2.9533228874206543
732,32,3.598679542541504,2.8368494510650635,2.966301918029785
733,33,3.774703025817871,2.836855888366699,2.9799678325653076
734,34,3.9397506713867188,2.836862325668335,2.99072265625
735,35,4.158743858337402,2.8368687629699707,2.9952642917633057
736,36,4.377439498901367,2.8368749618530273,2.993528127670288
737,37,4.608187198638916,2.836881637573242,2.9940197467803955
738,38,4.870854377746582,2.836887836456299,2.992633819580078
739,39,5.070026397705078,2.8371362686157227,2.9862725734710693
740,40,4.992880344390869,2.8371424674987793,2.982954978942871
741,41,5.167033672332764,2.8374009132385254,2.980436325073242
742,42,5.11500358581543,2.837407112121582,2.975419521331787
743,43,5.219555377960205,2.8376259803771973,2.9700798988342285
744,44,5.199695110321045,2.8376314640045166,2.966470718383789
745,45,5.18523645401001,2.837637424468994,2.960207462310791
746,46,5.172976016998291,2.8376433849334717,2.953385829925537
747,47,5.21251916885376,2.8376362323760986,2.9490628242492676
748,48,5.189191818237305,2.837642192840576,2.9434316158294678
749,49,5.195756435394287,2.8376479148864746,2.940566301345825
750,50,5.176429748535156,2.837646007537842,2.941453218460083
751,51,5.196878910064697,2.8376283645629883,2.9386205673217773
752,52,5.148124694824219,2.837879180908203,2.9341769218444824
753,53,5.1731390953063965,2.837618589401245,2.9329769611358643
754,54,5.157207012176514,2.838118076324463,2.932492971420288
755,55,5.17021369934082,2.8383748531341553,2.931072235107422
756,56,5.144283294677734,2.8383803367614746,2.9288408756256104
757,57,5.165030479431152,2.838881254196167,2.925915002822876
758,58,5.1381988525390625,2.8391308784484863,2.9220030307769775
759,59,5.178436756134033,2.8391363620758057,2.920095443725586
760,60,5.132161617279053,2.839137315750122,2.9161863327026367
761,61,5.159217834472656,2.839148759841919,2.9155209064483643
762,62,5.157968044281006,2.8389058113098145,2.9148125648498535
763,63,5.161675930023193,2.839169502258301,2.914112091064453
764,64,5.146426200866699,2.83917498588562,2.9136648178100586
765,65,5.1634521484375,2.839423418045044,2.9134459495544434
766,66,5.143985271453857,2.83992338180542,2.914473056793213
767,67,5.168332576751709,2.83992862701416,2.91322660446167
768,68,5.138247966766357,2.8401427268981934,2.909728765487671
769,69,5.1565842628479,2.8401474952697754,2.9097328186035156
770,70,5.148527145385742,2.8401520252227783,2.9114675521850586
771,71,5.168182373046875,2.839916706085205,2.910719394683838
772,72,5.131691932678223,2.839921474456787,2.9124624729156494
773,73,5.169963359832764,2.839925527572632,2.910214900970459
774,74,5.1511101722717285,2.8396618366241455,2.909703493118286
775,75,5.1635050773620605,2.839914083480835,2.9094293117523193
776,76,5.137332916259766,2.839918375015259,2.9086568355560303
777,77,5.162832736968994,2.8399226665496826,2.9096248149871826
778,78,5.144062519073486,2.8399264812469482,2.911085367202759
779,79,5.164878845214844,2.839930295944214,2.912810802459717
780,80,5.132256984710693,2.8399345874786377,2.911787509918213
781,81,5.162647724151611,2.8399386405944824,2.91326642036438
782,82,5.148556709289551,2.8396756649017334,2.912994384765625
783,83,5.159296035766602,2.8396799564361572,2.913499593734741
784,84,5.144702434539795,2.839684009552002,2.9130189418792725
785,85,5.160477638244629,2.8396878242492676,2.912527322769165
786,86,5.1453633308410645,2.8396806716918945,2.9133009910583496
787,87,5.160937309265137,2.8396847248077393,2.911818265914917
788,88,5.1431074142456055,2.839688539505005,2.9108352661132812
789,89,5.159253120422363,2.8394484519958496,2.9103848934173584
790,90,5.145992755889893,2.8394527435302734,2.9104037284851074
791,91,5.156126022338867,2.8397057056427,2.9111218452453613
792,92,5.1475138664245605,2.839956760406494,2.912371873855591
793,93,5.154658317565918,2.840212821960449,2.9118804931640625
794,94,5.145293712615967,2.8404576778411865,2.9113800525665283
795,95,5.155498504638672,2.8404488563537598,2.911672592163086
796,96,5.143398284912109,2.8404526710510254,2.9122021198272705
797,97,5.1574602127075195,2.84045672416687,2.9132370948791504
798,98,5.143251895904541,2.8402092456817627,2.9135215282440186
799,99,5.158395290374756,2.8402130603790283,2.9137749671936035
800,0,1.2155898809432983,1.1794569492340088,1.5056633949279785
801,1,2.1084537506103516,2.07997465133667,2.5840795040130615
802,2,2.476226329803467,2.469266891479492,2.7132420539855957
803,3,2.5273401737213135,2.526840925216675,2.697467088699341
804,4,2.4916739463806152,2.494521379470825,2.623720169067383
805,5,2.423276424407959,2.428880453109741,2.5400617122650146
806,6,2.367692232131958,2.365159034729004,2.4788501262664795
807,7,2.33805775642395,2.330742120742798,2.4505715370178223
808,8,2.341559410095215,2.3336920738220215,2.4433724880218506
809,9,2.358476400375366,2.350870370864868,2.443248987197876
810,10,2.367586374282837,2.361095905303955,2.4507009983062744
811,11,2.374751091003418,2.37052583694458,2.4509105682373047
812,12,2.382404327392578,2.3724210262298584,2.4511168003082275
813,13,2.3902015686035156,2.3773863315582275,2.4520957469940186
814,14,2.403831720352173,2.386240243911743,2.456594467163086
815,15,2.4143106937408447,2.4008631706237793,2.463433027267456
816,16,2.431772470474243,2.413151502609253,2.475151538848877
817,17,2.4546937942504883,2.4339675903320312,2.4952547550201416
818,18,2.4872233867645264,2.4603054523468018,2.5227577686309814
819,19,2.521827220916748,2.4961097240448,2.556082010269165
820,20,2.5636630058288574,2.53129243850708,2.594395160675049
821,21,2.604072093963623,2.5696053504943848,2.635605812072754
822,22,2.6379611492156982,2.609058141708374,2.6732730865478516
823,23,2.6813535690307617,2.649094343185425,2.7115585803985596
824,24,2.709765672683716,2.677680730819702,2.7462096214294434
825,25,2.7356324195861816,2.7102138996124268,2.782135248184204
826,26,2.771232843399048,2.7461307048797607,2.8128113746643066
827,27,2.805316686630249,2.7731738090515137,2.8419389724731445
828,28,2.831692934036255,2.7989814281463623,2.872897148132324
829,29,2.86415696144104,2.8274648189544678,2.899818181991577
830,30,3.2321486473083496,2.8274729251861572,2.920656681060791
831,31,3.4582507610321045,2.8272452354431152,2.933087110519409
832,32,3.681816816329956,2.8269994258880615,2.9470021724700928
833,33,3.9158568382263184,2.82700777053833,2.957796573638916
834,34,4.119002819061279,2.8265981674194336,2.9649832248687744
835,35,4.355751991271973,2.826350212097168,2.972130537033081
836,36,4.554344654083252,2.8255326747894287,2.9752187728881836
837,37,4.744108200073242,2.8250253200531006,2.9801101684570312
838,38,4.888286590576172,2.8250322341918945,2.985877752304077
839,39,5.03095006942749,2.8250393867492676,2.9876906871795654
840,40,5.077237129211426,2.8250463008880615,2.993380069732666
841,41,5.167944431304932,2.824787139892578,2.9935615062713623
842,42,5.1362223625183105,2.824794292449951,2.993523359298706
843,43,5.2102885246276855,2.8240456581115723,2.9922146797180176
844,44,5.217389106750488,2.823556661605835,2.9931647777557373
845,45,5.212715148925781,2.8233251571655273,2.9905407428741455
846,46,5.211075305938721,2.8229105472564697,2.988915205001831
847,47,5.198057651519775,2.8229167461395264,2.986272096633911
848,48,5.178982734680176,2.822674036026001,2.981877326965332
849,49,5.206690311431885,2.8224289417266846,2.976038932800293
850,50,5.192015647888184,2.8224353790283203,2.971188545227051
851,51,5.217912197113037,2.822441816329956,2.964901924133301
852,52,5.188554763793945,2.82269024848938,2.9581105709075928
853,53,5.199517726898193,2.8221867084503174,2.9515981674194336
854,54,5.19726037979126,2.821734666824341,2.946979522705078
855,55,5.203383445739746,2.8217413425445557,2.9415547847747803
856,56,5.181952953338623,2.8217482566833496,2.9380836486816406
857,57,5.212603569030762,2.8217546939849854,2.934574842453003
858,58,5.208726406097412,2.821765422821045,2.9298033714294434
859,59,5.190914630889893,2.8210840225219727,2.9277682304382324
860,60,5.214295387268066,2.8210902214050293,2.924733877182007
861,61,5.1993937492370605,2.8210959434509277,2.9234604835510254
862,62,5.22279691696167,2.821096897125244,2.9212236404418945
863,63,5.186464786529541,2.821103096008301,2.918752670288086
864,64,5.198453903198242,2.8211097717285156,2.91679048538208
865,65,5.203958511352539,2.820930004119873,2.917374849319458
866,66,5.20627498626709,2.8209357261657715,2.9167017936706543
867,67,5.185821056365967,2.82094144821167,2.9172937870025635
868,68,5.213000297546387,2.8209474086761475,2.9163477420806885
869,69,5.212000846862793,2.820702314376831,2.9159305095672607
870,70,5.212478160858154,2.8196871280670166,2.9134697914123535
871,71,5.213364124298096,2.8194448947906494,2.9120006561279297
872,72,5.2073469161987305,2.819453716278076,2.912034749984741
873,73,5.176647186279297,2.8200881481170654,2.9118027687072754
874,74,5.200578212738037,2.819836378097534,2.910808801651001
875,75,5.20812463760376,2.819347858428955,2.909546136856079
876,76,5.203421115875244,2.818596839904785,2.908531904220581
877,77,5.214280128479004,2.818358898162842,2.909001588821411
878,78,5.181140422821045,2.818366050720215,2.909703016281128
879,79,5.20202112197876,2.818120241165161,2.9089362621307373
880,80,5.203363418579102,2.8181262016296387,2.9093868732452393
881,81,5.199337959289551,2.818131685256958,2.910867214202881
882,82,5.212921142578125,2.817636013031006,2.91333270072937
883,83,5.201539039611816,2.8176419734954834,2.9135632514953613
884,84,5.20439338684082,2.817641019821167,2.9160609245300293
885,85,5.199735164642334,2.817657947540283,2.9168169498443604
886,86,5.2111310958862305,2.817660093307495,2.9170939922332764
887,87,5.18779993057251,2.817418336868286,2.9183623790740967
888,88,5.203952789306641,2.818079948425293,2.919389486312866
889,89,5.201005458831787,2.8180856704711914,2.9206225872039795
890,90,5.2032599449157715,2.817831516265869,2.9226202964782715
891,91,5.201570987701416,2.8178374767303467,2.923892021179199
892,92,5.201074600219727,2.817842483520508,2.9246420860290527
893,93,5.184554576873779,2.8171801567077637,2.9243855476379395
894,94,5.200167179107666,2.8169360160827637,2.9251480102539062
895,95,5.191582202911377,2.8169429302215576,2.9248921871185303
896,96,5.1998419761657715,2.8166885375976562,2.9261388778686523
897,97,5.204770088195801,2.8166933059692383,2.9266440868377686
898,98,5.205827236175537,2.8166980743408203,2.9266457557678223
899,99,5.203793525695801,2.8167026042938232,2.926154851913452
900,0,1.049265742301941,1.0511378049850464,1.4948229789733887
901,1,2.058314085006714,2.061342239379883,2.5462465286254883
902,2,2.4598875045776367,2.462759494781494,2.6388278007507324
903,3,2.5095481872558594,2.5109612941741943,2.6300690174102783
904,4,2.4841601848602295,2.484260082244873,2.5838818550109863
905,5,2.438415288925171,2.434288501739502,2.5228068828582764
906,6,2.406926393508911,2.398568630218506,2.474395513534546
907,7,2.3833017349243164,2.3744897842407227,2.449298858642578
908,8,2.384193181991577,2.377890110015869,2.465599298477173
909,9,2.404642105102539,2.400906562805176,2.4936718940734863
910,10,2.424492597579956,2.425330877304077,2.5043721199035645
911,11,2.429539203643799,2.440962076187134,2.5099306106567383
912,12,2.439260721206665,2.4583752155303955,2.5113115310668945
913,13,2.447608232498169,2.471342086791992,2.5173373222351074
914,14,2.453824758529663,2.479614019393921,2.5268642902374268
915,15,2.4560534954071045,2.489903211593628,2.5283961296081543
916,16,2.4597785472869873,2.499058246612549,2.5365145206451416
917,17,2.466468095779419,2.5056374073028564,2.550032138824463
918,18,2.480790615081787,2.518380880355835,2.5583157539367676
919,19,2.5007190704345703,2.5355842113494873,2.5737454891204834
920,20,2.522596836090088,2.5556933879852295,2.598475217819214
921,21,2.550183057785034,2.5811431407928467,2.6272881031036377
922,22,2.5832369327545166,2.6082749366760254,2.657837152481079
923,23,2.6185195446014404,2.635715961456299,2.6877918243408203
924,24,2.6546847820281982,2.66589617729187,2.7189648151397705
925,25,2.694232702255249,2.698956251144409,2.753093957901001
926,26,2.741605758666992,2.736555814743042,2.7919907569885254
927,27,2.7875308990478516,2.776207447052002,2.8294572830200195
928,28,2.8310420513153076,2.810346841812134,2.865102529525757
929,29,2.8616480827331543,2.8461170196533203,2.896167516708374
930,30,3.175105333328247,2.846372127532959,2.925013542175293
931,31,3.442209005355835,2.846635103225708,2.9478275775909424
932,32,3.7685093879699707,2.8471336364746094,2.9668631553649902
933,33,4.158985614776611,2.847625970840454,2.977954864501953
934,34,4.52674674987793,2.847628116607666,2.992666721343994
935,35,4.788715362548828,2.848391532897949,3.0002119541168213
936,36,5.022506237030029,2.8484714031219482,3.003512144088745
937,37,5.068855285644531,2.848473310470581,3.0033819675445557
938,38,5.167169094085693,2.848475694656372,3.0055389404296875
939,39,5.300258636474609,2.8480544090270996,3.000438690185547
940,40,5.300878047943115,2.848057270050049,2.996290922164917
941,41,5.293699264526367,2.848308801651001,2.991788625717163
942,42,5.295627117156982,2.8483121395111084,2.9866697788238525
943,43,5.2933454513549805,2.8483147621154785,2.9777660369873047
944,44,5.297236442565918,2.8485662937164307,2.9714839458465576
945,45,5.289180278778076,2.8483171463012695,2.965740919113159
946,46,5.295593738555908,2.8483028411865234,2.962108612060547
947,47,5.291060924530029,2.8483288288116455,2.959341049194336
948,48,5.292043209075928,2.8485870361328125,2.954031229019165
949,49,5.290055274963379,2.84859037399292,2.948997974395752
950,50,5.288632869720459,2.8485939502716064,2.945477247238159
951,51,5.284290790557861,2.848834991455078,2.9436943531036377
952,52,5.2947187423706055,2.8488385677337646,2.942368507385254
953,53,5.288859844207764,2.8488426208496094,2.9399776458740234
954,54,5.293617248535156,2.848845958709717,2.9362881183624268
955,55,5.2867302894592285,2.8488500118255615,2.9333298206329346
956,56,5.291887283325195,2.8495264053344727,2.9293787479400635
957,57,5.2826247215271,2.849356174468994,2.927905797958374
958,58,5.2907915115356445,2.849607229232788,2.9236533641815186
959,59,5.280665397644043,2.8496103286743164,2.922368049621582
960,60,5.289675712585449,2.849613904953003,2.916071653366089
961,61,5.279535293579102,2.8496155738830566,2.9117202758789062
962,62,5.289003372192383,2.849618911743164,2.9096245765686035
963,63,5.2831573486328125,2.8496224880218506,2.9060423374176025
964,64,5.287902355194092,2.849625825881958,2.902195930480957
965,65,5.281155109405518,2.8496291637420654,2.899592876434326
966,66,5.290514945983887,2.8498849868774414,2.9000139236450195
967,67,5.278538227081299,2.8501317501068115,2.898254871368408
968,68,5.286547660827637,2.8501651287078857,2.8964931964874268
969,69,5.2808403968811035,2.8501691818237305,2.8950109481811523
970,70,5.2888336181640625,2.8504176139831543,2.8950417041778564
971,71,5.277889251708984,2.850421905517578,2.8938467502593994
972,72,5.286625862121582,2.850425958633423,2.894895553588867
973,73,5.278620719909668,2.8504297733306885,2.8934683799743652
974,74,5.285065650939941,2.850433826446533,2.8937621116638184
975,75,5.283006191253662,2.8501882553100586,2.893568277359009
976,76,5.287748336791992,2.849703311920166,2.8941190242767334
977,77,5.2813920974731445,2.849707841873169,2.891645669937134
978,78,5.285987377166748,2.8499755859375,2.88942813873291
979,79,5.2799859046936035,2.849980115890503,2.889960289001465
980,80,5.28269624710083,2.8502390384674072,2.8889875411987305
981,81,5.282228946685791,2.850494861602783,2.890005111694336
982,82,5.285867214202881,2.8504998683929443,2.8915257453918457
983,83,5.2817206382751465,2.8509936332702637,2.893038749694824
984,84,5.285665512084961,2.850731611251831,2.8945624828338623
985,85,5.282508850097656,2.8507368564605713,2.897833824157715
986,86,5.286186218261719,2.850992202758789,2.8998568058013916
987,87,5.282210350036621,2.8509974479675293,2.8993866443634033
988,88,5.287243366241455,2.8510026931762695,2.8981752395629883
989,89,5.279487133026123,2.851008415222168,2.89894962310791
990,90,5.284571647644043,2.8510138988494873,2.898717164993286
991,91,5.281516075134277,2.8510191440582275,2.8997483253479004
992,92,5.282968044281006,2.851264715194702,2.900045871734619
993,93,5.281246662139893,2.8510119915008545,2.9013397693634033
994,94,5.284112930297852,2.851017475128174,2.9016377925872803
995,95,5.281430244445801,2.8512537479400635,2.9016923904418945
996,96,5.2839674949646,2.8512916564941406,2.90173077583313
997,97,5.280401229858398,2.8513128757476807,2.903006076812744
998,98,5.284855842590332,2.8518154621124268,2.903761625289917
999,99,5.280076503753662,2.8518216609954834,2.9042608737945557
